time(s),iter,infeas,ot_objective,eta,solver
8.762515e-02,180,1.32591808425417e-05,1.73699260767322e-02,1.00000000000000e-02,annealed_sinkhorn_cellsim
1.464125e-01,300,9.03044850292271e-06,1.67423639315167e-02,9.50000000000000e-03,annealed_sinkhorn_cellsim
1.955567e-01,400,7.81980008558695e-06,1.61844538265740e-02,9.02500000000000e-03,annealed_sinkhorn_cellsim
2.542078e-01,520,1.60986958203815e-05,1.56904411679071e-02,8.57375000000000e-03,annealed_sinkhorn_cellsim
3.128768e-01,640,7.28631227146744e-06,1.52553955900859e-02,8.14506250000000e-03,annealed_sinkhorn_cellsim
3.810674e-01,780,1.22693205898268e-05,1.48726271191717e-02,7.73780937500000e-03,annealed_sinkhorn_cellsim
4.397139e-01,900,1.53889121440015e-05,1.45370412977130e-02,7.35091890625000e-03,annealed_sinkhorn_cellsim
5.174322e-01,1060,1.07106435494388e-05,1.42435554896669e-02,6.98337296093750e-03,annealed_sinkhorn_cellsim
5.856389e-01,1200,1.45367018985613e-05,1.39867546572113e-02,6.63420431289062e-03,annealed_sinkhorn_cellsim
6.729313e-01,1380,1.03256612315275e-05,1.37626707990073e-02,6.30249409724609e-03,annealed_sinkhorn_cellsim
7.506656e-01,1540,1.46778158929009e-05,1.35667538523127e-02,5.98736939238379e-03,annealed_sinkhorn_cellsim
8.474717e-01,1740,1.07173953045206e-05,1.33959126241678e-02,5.68800092276460e-03,annealed_sinkhorn_cellsim
9.347656e-01,1920,1.56006316659750e-05,1.32464441398252e-02,5.40360087662637e-03,annealed_sinkhorn_cellsim
1.041109e+00,2140,1.17321518713331e-05,1.31160794813715e-02,5.13342083279505e-03,annealed_sinkhorn_cellsim
1.147552e+00,2360,1.07716729373703e-05,1.30020262767824e-02,4.87674979115530e-03,annealed_sinkhorn_cellsim
1.263535e+00,2600,1.32762545564118e-05,1.29021450795614e-02,4.63291230159753e-03,annealed_sinkhorn_cellsim
1.379474e+00,2840,1.29556552184870e-05,1.28147708019045e-02,4.40126668651765e-03,annealed_sinkhorn_cellsim
1.504980e+00,3100,1.54469655695282e-05,1.27381360934035e-02,4.18120335219177e-03,annealed_sinkhorn_cellsim
1.630556e+00,3360,1.57959962440138e-05,1.26709918873899e-02,3.97214318458218e-03,annealed_sinkhorn_cellsim
1.775272e+00,3660,1.29522620803056e-05,1.26121627165187e-02,3.77353602535307e-03,annealed_sinkhorn_cellsim
1.919987e+00,3960,1.39278370137503e-05,1.25603939212447e-02,3.58485922408542e-03,annealed_sinkhorn_cellsim
2.074166e+00,4280,1.62686609814317e-05,1.25148486215041e-02,3.40561626288115e-03,annealed_sinkhorn_cellsim
2.237928e+00,4620,1.33849101225450e-05,1.24749272980614e-02,3.23533544973709e-03,annealed_sinkhorn_cellsim
2.411214e+00,4980,1.55747954920366e-05,1.24396441672619e-02,3.07356867725024e-03,annealed_sinkhorn_cellsim
2.593993e+00,5360,1.37287051711001e-05,1.24086664055677e-02,2.91989024338772e-03,annealed_sinkhorn_cellsim
2.786272e+00,5760,1.59351610118432e-05,1.23812384070953e-02,2.77389573121834e-03,annealed_sinkhorn_cellsim
2.988117e+00,6180,1.48495393140598e-05,1.23571191692735e-02,2.63520094465742e-03,annealed_sinkhorn_cellsim
3.208997e+00,6640,1.38473929545138e-05,1.23358135707885e-02,2.50344089742455e-03,annealed_sinkhorn_cellsim
3.445928e+00,7120,1.36219954719939e-05,1.23169529338657e-02,2.37826885255332e-03,annealed_sinkhorn_cellsim
3.685973e+00,7620,1.59995702682761e-05,1.23001802852365e-02,2.25935540992566e-03,annealed_sinkhorn_cellsim
3.935538e+00,8140,1.62902394193172e-05,1.22853687189099e-02,2.14638763942937e-03,annealed_sinkhorn_cellsim
4.204173e+00,8700,1.60918735136661e-05,1.22722417602422e-02,2.03906825745790e-03,annealed_sinkhorn_cellsim
4.491888e+00,9300,1.44677927082540e-05,1.22606272521314e-02,1.93711484458501e-03,annealed_sinkhorn_cellsim
4.798738e+00,9940,1.48014215279693e-05,1.22502502613095e-02,1.84025910235576e-03,annealed_sinkhorn_cellsim
5.115312e+00,10600,1.61321498032229e-05,1.22409871984593e-02,1.74824614723797e-03,annealed_sinkhorn_cellsim
5.460485e+00,11320,1.47799781590385e-05,1.22328180005221e-02,1.66083383987607e-03,annealed_sinkhorn_cellsim
5.815621e+00,12060,1.63675352982004e-05,1.22254560430155e-02,1.57779214788227e-03,annealed_sinkhorn_cellsim
6.200165e+00,12860,1.55654820628428e-05,1.22189621018719e-02,1.49890254048815e-03,annealed_sinkhorn_cellsim
6.604129e+00,13700,1.56465330486196e-05,1.22131463868863e-02,1.42395741346375e-03,annealed_sinkhorn_cellsim
7.036862e+00,14600,1.53739987155374e-05,1.22079673202461e-02,1.35275954279056e-03,annealed_sinkhorn_cellsim
7.494212e+00,15540,1.57908076920559e-05,1.22033216546641e-02,1.28512156565103e-03,annealed_sinkhorn_cellsim
7.974884e+00,16540,1.58703831743845e-05,1.21991777880325e-02,1.22086548736848e-03,annealed_sinkhorn_cellsim
8.474984e+00,17580,1.64387598485137e-05,1.21954525908730e-02,1.15982221300006e-03,annealed_sinkhorn_cellsim
9.004711e+00,18680,1.66547790925481e-05,1.21921223411623e-02,1.10183110235005e-03,annealed_sinkhorn_cellsim
9.563846e+00,19840,1.63169322617717e-05,1.21891463014266e-02,1.04673954723255e-03,annealed_sinkhorn_cellsim
1.015289e+01,21060,1.64604256237387e-05,1.21864562577274e-02,9.94402569870922e-04,annealed_sinkhorn_cellsim
1.077141e+01,22340,1.62971420858589e-05,1.21840414500262e-02,9.44682441377376e-04,annealed_sinkhorn_cellsim
1.142438e+01,23680,1.63694823496594e-05,1.21818572819986e-02,8.97448319308507e-04,annealed_sinkhorn_cellsim
1.210161e+01,25080,1.63235100180589e-05,1.21798907316759e-02,8.52575903343082e-04,annealed_sinkhorn_cellsim
1.280830e+01,26540,1.65131623521260e-05,1.21781100725144e-02,8.09947108175928e-04,annealed_sinkhorn_cellsim
1.355428e+01,28080,1.61244424672776e-05,1.21765218266126e-02,7.69449752767131e-04,annealed_sinkhorn_cellsim
1.432978e+01,29680,1.64787024768905e-05,1.21750694904392e-02,7.30977265128775e-04,annealed_sinkhorn_cellsim
1.514449e+01,31360,1.64057282665721e-05,1.21737742150411e-02,6.94428401872336e-04,annealed_sinkhorn_cellsim
1.600296e+01,33120,1.65176722442217e-05,1.21726031541093e-02,6.59706981778719e-04,annealed_sinkhorn_cellsim
1.690566e+01,34980,1.62292175892214e-05,1.21715604026541e-02,6.26721632689783e-04,annealed_sinkhorn_cellsim
1.785775e+01,36940,1.61771344680122e-05,1.21706167111559e-02,5.95385551055294e-04,annealed_sinkhorn_cellsim
1.885888e+01,39000,1.62842361916342e-05,1.21697642555842e-02,5.65616273502529e-04,annealed_sinkhorn_cellsim
1.991407e+01,41160,1.66389207842912e-05,1.21689910632839e-02,5.37335459827403e-04,annealed_sinkhorn_cellsim
2.103348e+01,43460,1.62643407844125e-05,1.21683117952897e-02,5.10468686836033e-04,annealed_sinkhorn_cellsim
2.221229e+01,45880,1.65474574937114e-05,1.21676862463993e-02,4.84945252494231e-04,annealed_sinkhorn_cellsim
2.347523e+01,48460,1.63174561736759e-05,1.21671351346969e-02,4.60697989869519e-04,annealed_sinkhorn_cellsim
2.481199e+01,51200,1.63315508341640e-05,1.21666353966454e-02,4.37663090376043e-04,annealed_sinkhorn_cellsim
2.623794e+01,54120,1.63361008611584e-05,1.21661879263744e-02,4.15779935857241e-04,annealed_sinkhorn_cellsim
2.775844e+01,57220,1.66177420748575e-05,1.21657821284330e-02,3.94990939064379e-04,annealed_sinkhorn_cellsim
2.938100e+01,60540,1.66060330240081e-05,1.21654254285581e-02,3.75241392111160e-04,annealed_sinkhorn_cellsim
3.112191e+01,64100,1.65764962757237e-05,1.21651079488488e-02,3.56479322505602e-04,annealed_sinkhorn_cellsim
3.299564e+01,67920,1.66208926792296e-05,1.21648244620385e-02,3.38655356380322e-04,annealed_sinkhorn_cellsim
3.501408e+01,72040,1.64365516451912e-05,1.21645769421702e-02,3.21722588561306e-04,annealed_sinkhorn_cellsim
3.718647e+01,76460,1.65306327731999e-05,1.21643530353341e-02,3.05636459133241e-04,annealed_sinkhorn_cellsim
3.951011e+01,81200,1.66646677991308e-05,1.21641542497572e-02,2.90354636176578e-04,annealed_sinkhorn_cellsim
4.201524e+01,86300,1.66284790734008e-05,1.21639816089215e-02,2.75836904367750e-04,annealed_sinkhorn_cellsim
4.470741e+01,91780,1.66356317920696e-05,1.21638285065169e-02,2.62045059149362e-04,annealed_sinkhorn_cellsim
4.760085e+01,97680,1.65416367289312e-05,1.21636953155872e-02,2.48942806191894e-04,annealed_sinkhorn_cellsim
5.071521e+01,104020,1.65254465600483e-05,1.21635771484009e-02,2.36495665882299e-04,annealed_sinkhorn_cellsim
5.405452e+01,110820,1.66048506307778e-05,1.21634721871001e-02,2.24670882588184e-04,annealed_sinkhorn_cellsim
5.764046e+01,118120,1.65889250802857e-05,1.21633816964891e-02,2.13437338458775e-04,annealed_sinkhorn_cellsim
6.148047e+01,125940,1.65883368221621e-05,1.21633023955834e-02,2.02765471535836e-04,annealed_sinkhorn_cellsim
6.558539e+01,134300,1.65659637271194e-05,1.21632334985852e-02,1.92627197959044e-04,annealed_sinkhorn_cellsim
6.995491e+01,143200,1.65814049610049e-05,1.21631727819487e-02,1.82995838061092e-04,annealed_sinkhorn_cellsim
7.458953e+01,152640,1.65852373456138e-05,1.21631196606906e-02,1.73846046158038e-04,annealed_sinkhorn_cellsim
7.947987e+01,162600,1.66258725889797e-05,1.21630721258372e-02,1.65153743850136e-04,annealed_sinkhorn_cellsim
8.463006e+01,173080,1.65663849532569e-05,1.21630310255488e-02,1.56896056657629e-04,annealed_sinkhorn_cellsim
9.001312e+01,184040,1.66012865275579e-05,1.21629926873016e-02,1.49051253824747e-04,annealed_sinkhorn_cellsim
9.563339e+01,195480,1.65905997361457e-05,1.21629592091580e-02,1.41598691133510e-04,annealed_sinkhorn_cellsim
1.014980e+02,207400,1.66098768212641e-05,1.21629301366486e-02,1.34518756576835e-04,annealed_sinkhorn_cellsim
1.075975e+02,219800,1.65932528295849e-05,1.21629036309009e-02,1.27792818747993e-04,annealed_sinkhorn_cellsim
1.139371e+02,232680,1.65894620722144e-05,1.21628783431266e-02,1.21403177810593e-04,annealed_sinkhorn_cellsim
1.205308e+02,246080,1.66202790373294e-05,1.21628552100879e-02,1.15333018920064e-04,annealed_sinkhorn_cellsim
1.274096e+02,260040,1.66521051132222e-05,1.21628330089587e-02,1.09566367974060e-04,annealed_sinkhorn_cellsim
1.346353e+02,274700,1.66138950262112e-05,1.21628171338438e-02,1.04088049575357e-04,annealed_sinkhorn_cellsim
1.409620e+02,287540,1.66473291718459e-05,1.21628113276328e-02,1.00000000000000e-04,annealed_sinkhorn_cellsim
c_index=0.0,Sw=0.012162811327632804,Smin=0.012162811327632804,Smax=0.012162811327632804,Nw=61,pairs=190
