time(s),iter,infeas,ot_objective,primal,dual,solver
1.611580e-04,1,6.10514429813351e-01,1.34000950060607e-01,7.44515379873958e-01,0.00000000000000e+00,lamp_kernel
2.100040e-02,21,7.87577552193998e-02,1.00860895457550e-01,1.79618650676950e-01,3.47048271689292e-02,lamp_kernel
4.175382e-02,41,5.15242757110527e-02,8.77893233544777e-02,1.39313599065530e-01,4.46197326953475e-02,lamp_kernel
6.257949e-02,61,3.04104431487035e-02,7.97256311124120e-02,1.10136074261115e-01,4.74282466571850e-02,lamp_kernel
8.337321e-02,81,1.84305580064981e-02,7.39142281668879e-02,9.23447861733860e-02,4.86391454039267e-02,lamp_kernel
1.041780e-01,101,1.21794594887255e-02,6.95672615862483e-02,8.17467210749739e-02,4.93471832507798e-02,lamp_kernel
1.258709e-01,121,8.25688316718373e-03,6.62423473017619e-02,7.44992304689456e-02,4.98351206048846e-02,lamp_kernel
1.467176e-01,141,5.39302999503945e-03,6.36874758729621e-02,6.90805058680016e-02,5.01947993755054e-02,lamp_kernel
1.675186e-01,161,3.76471859167740e-03,6.17106616107684e-02,6.54753802024458e-02,5.04809648658556e-02,lamp_kernel
1.883406e-01,181,2.69330436453316e-03,6.01593508079534e-02,6.28526551724865e-02,5.07123459988625e-02,lamp_kernel
2.091343e-01,201,1.99135271120150e-03,5.89319816489947e-02,6.09233343601962e-02,5.09036119444192e-02,lamp_kernel
2.299071e-01,221,1.45730866310008e-03,5.79470969799636e-02,5.94044056430636e-02,5.10613159012395e-02,lamp_kernel
2.506815e-01,241,1.05664783026983e-03,5.71514216236785e-02,5.82080694539484e-02,5.11921319310520e-02,lamp_kernel
2.714329e-01,261,7.98502886186304e-04,5.65036147925597e-02,5.73021176787460e-02,5.13038925663120e-02,lamp_kernel
2.922050e-01,281,6.62930486281440e-04,5.59685329338920e-02,5.66314634201734e-02,5.13987343950159e-02,lamp_kernel
3.129752e-01,301,5.83493406382450e-04,5.55229181512958e-02,5.61064115576783e-02,5.14806044943920e-02,lamp_kernel
3.337521e-01,321,5.04413159129181e-04,5.51498291789223e-02,5.56542423380514e-02,5.15519590954866e-02,lamp_kernel
3.545582e-01,341,4.15895421808182e-04,5.48387170011701e-02,5.52546124229783e-02,5.16130238454048e-02,lamp_kernel
3.753803e-01,361,3.45689536800684e-04,5.45735793832274e-02,5.49192689200281e-02,5.16662904512923e-02,lamp_kernel
3.961664e-01,381,2.99065623793306e-04,5.43432669794146e-02,5.46423326032079e-02,5.17136075664978e-02,lamp_kernel
4.169455e-01,401,2.49525365466234e-04,5.41513832128702e-02,5.44009085783364e-02,5.17558578816136e-02,lamp_kernel
4.377058e-01,421,2.05349493846087e-04,5.39830570162015e-02,5.41884065100476e-02,5.17940591188432e-02,lamp_kernel
4.584934e-01,441,1.72714792932137e-04,5.38355549949300e-02,5.40082697878621e-02,5.18287393171115e-02,lamp_kernel
4.792548e-01,461,1.57662091477335e-04,5.37073055896712e-02,5.38649676811485e-02,5.18601425160899e-02,lamp_kernel
5.000742e-01,481,1.43610043283584e-04,5.35971475443928e-02,5.37407575876764e-02,5.18885047703829e-02,lamp_kernel
5.208538e-01,501,1.26785139542241e-04,5.34985531539200e-02,5.36253382934622e-02,5.19139477114682e-02,lamp_kernel
5.416489e-01,521,1.14194522539517e-04,5.34095701080797e-02,5.35237646306192e-02,5.19372002622759e-02,lamp_kernel
5.754200e-01,541,9.19936473422568e-05,5.33340615720447e-02,5.34260552193869e-02,5.19584322538218e-02,lamp_kernel
5.961851e-01,561,7.40079224797562e-05,5.32649759947171e-02,5.33389839171969e-02,5.19779514271215e-02,lamp_kernel
6.169132e-01,581,6.35378424895439e-05,5.32016490857739e-02,5.32651869282634e-02,5.19960982272214e-02,lamp_kernel
6.376460e-01,601,4.92764338521530e-05,5.31475651014880e-02,5.31968415353401e-02,5.20128945398178e-02,lamp_kernel
6.583542e-01,621,4.26674077516629e-05,5.30975702831341e-02,5.31402376908857e-02,5.20283296935886e-02,lamp_kernel
6.790792e-01,641,3.86511344020242e-05,5.30514506355011e-02,5.30901017699031e-02,5.20425961365018e-02,lamp_kernel
6.998042e-01,661,3.43625478948505e-05,5.30111617696040e-02,5.30455243174988e-02,5.20559591099616e-02,lamp_kernel
7.205530e-01,681,3.49904207577226e-05,5.29741873739007e-02,5.30091777946584e-02,5.20684730954471e-02,lamp_kernel
7.412856e-01,701,3.24270993196453e-05,5.29397896948120e-02,5.29722167941316e-02,5.20800806967609e-02,lamp_kernel
7.620513e-01,721,2.94174389692506e-05,5.29089072347638e-02,5.29383246737330e-02,5.20909479519136e-02,lamp_kernel
7.827542e-01,741,2.70081179679941e-05,5.28811134940289e-02,5.29081216119969e-02,5.21011218373325e-02,lamp_kernel
8.034578e-01,761,2.22267251776454e-05,5.28547710006145e-02,5.28769977257921e-02,5.21107445958141e-02,lamp_kernel
8.241504e-01,781,2.03988398931974e-05,5.28307757543746e-02,5.28511745942678e-02,5.21198198140677e-02,lamp_kernel
8.448567e-01,801,1.79087180406800e-05,5.28094053054908e-02,5.28273140235315e-02,5.21284446236657e-02,lamp_kernel
8.655759e-01,821,1.41847445431220e-05,5.27888358096687e-02,5.28030205542118e-02,5.21366089918702e-02,lamp_kernel
8.862975e-01,841,1.28884588243664e-05,5.27700054003069e-02,5.27828938591312e-02,5.21443461937338e-02,lamp_kernel
9.070388e-01,861,1.08517513498208e-05,5.27530959798727e-02,5.27639477312225e-02,5.21516117082167e-02,lamp_kernel
9.277434e-01,881,8.28053721421123e-06,5.27368980503161e-02,5.27451785875303e-02,5.21585222356697e-02,lamp_kernel
9.484420e-01,901,7.87462507226723e-06,5.27218211291160e-02,5.27296957541883e-02,5.21651136895719e-02,lamp_kernel
9.691826e-01,921,6.70778602935138e-06,5.27082275220388e-02,5.27149353080682e-02,5.21713837919762e-02,lamp_kernel
9.899432e-01,941,6.06561375250412e-06,5.26952815863335e-02,5.27013472000860e-02,5.21773508913129e-02,lamp_kernel
1.010696e+00,961,6.14610039017536e-06,5.26830347592273e-02,5.26891808596175e-02,5.21830612387768e-02,lamp_kernel
1.031477e+00,981,5.52059253952046e-06,5.26719507239059e-02,5.26774713164454e-02,5.21885394186637e-02,lamp_kernel
1.052253e+00,1001,5.53866969125853e-06,5.26614225820582e-02,5.26669612517494e-02,5.21937959823228e-02,lamp_kernel
1.073080e+00,1021,5.58728271256454e-06,5.26513801466112e-02,5.26569674293237e-02,5.21988451945232e-02,lamp_kernel
1.093870e+00,1041,4.96181577047456e-06,5.26422062583320e-02,5.26471680741025e-02,5.22036698175079e-02,lamp_kernel
1.114665e+00,1061,4.82212050839833e-06,5.26335464347336e-02,5.26383685552420e-02,5.22082842250945e-02,lamp_kernel
1.135525e+00,1081,4.27653169689773e-06,5.26252128512521e-02,5.26294893829490e-02,5.22126936538577e-02,lamp_kernel
1.156371e+00,1101,3.51243075402813e-06,5.26175382451568e-02,5.26210506759109e-02,5.22169400299469e-02,lamp_kernel
1.177222e+00,1121,3.13602733555231e-06,5.26103214000298e-02,5.26134574273654e-02,5.22210208043490e-02,lamp_kernel
1.198099e+00,1141,2.51427656560041e-06,5.26033519486573e-02,5.26058662252229e-02,5.22249494934178e-02,lamp_kernel
1.218963e+00,1161,2.04824690576195e-06,5.25968678915605e-02,5.25989161384663e-02,5.22287379975400e-02,lamp_kernel
1.239864e+00,1181,1.79331155511085e-06,5.25907889813192e-02,5.25925822928744e-02,5.22323917665528e-02,lamp_kernel
1.260760e+00,1201,1.37430986602161e-06,5.25849088513599e-02,5.25862831612259e-02,5.22359093560062e-02,lamp_kernel
1.281677e+00,1221,1.37791043997358e-06,5.25793875547836e-02,5.25807654652235e-02,5.22392994731439e-02,lamp_kernel
1.302591e+00,1241,1.46653556576444e-06,5.25742176116739e-02,5.25756841472397e-02,5.22425819192325e-02,lamp_kernel
1.323496e+00,1261,1.40004058839142e-06,5.25692178121777e-02,5.25706178527661e-02,5.22457633592209e-02,lamp_kernel
1.344418e+00,1281,1.49976186118123e-06,5.25644823995753e-02,5.25659821614365e-02,5.22488487706222e-02,lamp_kernel
1.365351e+00,1301,1.47943771021396e-06,5.25600453072348e-02,5.25615247449450e-02,5.22518378193632e-02,lamp_kernel
1.386299e+00,1321,1.33377777808407e-06,5.25557618718268e-02,5.25570956496049e-02,5.22547346658235e-02,lamp_kernel
1.407244e+00,1341,1.31489298908430e-06,5.25516743272598e-02,5.25529892202489e-02,5.22575337019864e-02,lamp_kernel
1.428203e+00,1361,1.17531917525106e-06,5.25478359636198e-02,5.25490112827951e-02,5.22602397076307e-02,lamp_kernel
1.449159e+00,1381,1.02454666734343e-06,5.25441385945909e-02,5.25451631412583e-02,5.22628659635092e-02,lamp_kernel
1.470119e+00,1401,9.82451090951936e-07,5.25405893692909e-02,5.25415718203818e-02,5.22654093210200e-02,lamp_kernel
1.491091e+00,1421,8.55415555297801e-07,5.25372450512748e-02,5.25381004668301e-02,5.22678828248007e-02,lamp_kernel
1.512046e+00,1441,7.60791977286068e-07,5.25340310089314e-02,5.25347918009086e-02,5.22702863285570e-02,lamp_kernel
1.533019e+00,1461,7.02903432491871e-07,5.25309323442409e-02,5.25316352476734e-02,5.22726200602482e-02,lamp_kernel
1.553993e+00,1481,5.87532728352818e-07,5.25279997941313e-02,5.25285873268597e-02,5.22748848952100e-02,lamp_kernel
1.574974e+00,1501,5.57752505321937e-07,5.25251869122865e-02,5.25257446647918e-02,5.22770911808017e-02,lamp_kernel
1.595935e+00,1521,5.32525570301220e-07,5.25224672337722e-02,5.25229997593425e-02,5.22792408417387e-02,lamp_kernel
1.616898e+00,1541,4.98812433542551e-07,5.25198812984066e-02,5.25203801108401e-02,5.22813318370978e-02,lamp_kernel
1.637867e+00,1561,5.08693010974891e-07,5.25174041086079e-02,5.25179128016189e-02,5.22833664276408e-02,lamp_kernel
1.658846e+00,1581,5.00276267347679e-07,5.25150052312774e-02,5.25155055075448e-02,5.22853499391303e-02,lamp_kernel
1.679827e+00,1601,4.88138260594438e-07,5.25127137894033e-02,5.25132019276639e-02,5.22872718220286e-02,lamp_kernel
1.700818e+00,1621,4.79607567588298e-07,5.25105196370881e-02,5.25109992446557e-02,5.22891341295505e-02,lamp_kernel
1.721820e+00,1641,4.50421812069455e-07,5.25083934382806e-02,5.25088438600927e-02,5.22909504524735e-02,lamp_kernel
1.742817e+00,1661,4.37007807289363e-07,5.25063538000710e-02,5.25067908078783e-02,5.22927202738017e-02,lamp_kernel
1.763817e+00,1681,4.20432421306677e-07,5.25044000424217e-02,5.25048204748430e-02,5.22944477321376e-02,lamp_kernel
1.784826e+00,1701,3.85341701483686e-07,5.25025067069362e-02,5.25028920486376e-02,5.22961270947838e-02,lamp_kernel
1.805830e+00,1721,3.71983010629695e-07,5.25006836529132e-02,5.25010556359238e-02,5.22977681757744e-02,lamp_kernel
1.826838e+00,1741,3.53167778456115e-07,5.24989354945151e-02,5.24992886622935e-02,5.22993711177889e-02,lamp_kernel
1.847815e+00,1761,3.21067909971332e-07,5.24972418634024e-02,5.24975629313124e-02,5.23009279082728e-02,lamp_kernel
1.868812e+00,1781,3.14254467873248e-07,5.24956059959566e-02,5.24959202504244e-02,5.23024434767901e-02,lamp_kernel
1.889816e+00,1801,3.01990266152390e-07,5.24940347652248e-02,5.24943367554909e-02,5.23039260050945e-02,lamp_kernel
1.910826e+00,1821,2.85159762316530e-07,5.24925131163429e-02,5.24927982761052e-02,5.23053765432260e-02,lamp_kernel
1.931837e+00,1841,2.79815832634471e-07,5.24910398647331e-02,5.24913196805658e-02,5.23067946749950e-02,lamp_kernel
1.952837e+00,1861,2.65510036659629e-07,5.24896220533992e-02,5.24898875634359e-02,5.23081807338253e-02,lamp_kernel
1.973860e+00,1881,2.65016682069956e-07,5.24882492279765e-02,5.24885142446586e-02,5.23095375230209e-02,lamp_kernel
1.994864e+00,1901,2.60774255898539e-07,5.24869176453956e-02,5.24871784196515e-02,5.23108654190537e-02,lamp_kernel
2.015882e+00,1921,2.51754970146238e-07,5.24856335798899e-02,5.24858853348601e-02,5.23121659994489e-02,lamp_kernel
2.036899e+00,1941,2.52451483032757e-07,5.24843902538792e-02,5.24846427053622e-02,5.23134370152406e-02,lamp_kernel
2.057925e+00,1961,2.45364817328568e-07,5.24831825480833e-02,5.24834279129007e-02,5.23146789089271e-02,lamp_kernel
2.078963e+00,1981,2.36285088681950e-07,5.24820156013276e-02,5.24822518864163e-02,5.23158957216956e-02,lamp_kernel
2.099988e+00,2001,2.32671277552399e-07,5.24808856230897e-02,5.24811182943673e-02,5.23170883854389e-02,lamp_kernel
2.121016e+00,2021,2.26118433024713e-07,5.24797868598608e-02,5.24800129782938e-02,5.23182571947337e-02,lamp_kernel
2.142050e+00,2041,2.18628169148006e-07,5.24787229615736e-02,5.24789415897428e-02,5.23193997802200e-02,lamp_kernel
2.163075e+00,2061,2.14263545981384e-07,5.24776925243008e-02,5.24779067878468e-02,5.23205177480756e-02,lamp_kernel
2.184100e+00,2081,2.09164783997457e-07,5.24766898953560e-02,5.24768990601400e-02,5.23216107863309e-02,lamp_kernel
2.205140e+00,2101,2.06270570843299e-07,5.24757170744121e-02,5.24759233449829e-02,5.23226821688232e-02,lamp_kernel
2.226196e+00,2121,2.01225380798124e-07,5.24747744005667e-02,5.24749756259475e-02,5.23237335200527e-02,lamp_kernel
2.247236e+00,2141,1.94906100079857e-07,5.24738569889052e-02,5.24740518950053e-02,5.23247646139682e-02,lamp_kernel
2.268299e+00,2161,1.91765907690824e-07,5.24729652078241e-02,5.24731569737318e-02,5.23257763653872e-02,lamp_kernel
2.289332e+00,2181,1.87976056051482e-07,5.24721002719385e-02,5.24722882479946e-02,5.23267696968128e-02,lamp_kernel
2.310384e+00,2201,1.83954049595484e-07,5.24712584714953e-02,5.24714424255449e-02,5.23277446088033e-02,lamp_kernel
2.331428e+00,2221,1.81414135533621e-07,5.24704389948226e-02,5.24706204089582e-02,5.23287012401914e-02,lamp_kernel
2.352460e+00,2241,1.79268144148343e-07,5.24696432823308e-02,5.24698225504749e-02,5.23296409033124e-02,lamp_kernel
2.373497e+00,2261,1.77873767670573e-07,5.24688688195781e-02,5.24690466933458e-02,5.23305636883852e-02,lamp_kernel
2.394554e+00,2281,1.75455212407331e-07,5.24681140661321e-02,5.24682895213445e-02,5.23314670484065e-02,lamp_kernel
2.415605e+00,2301,1.71541812914717e-07,5.24673803024330e-02,5.24675518442459e-02,5.23323533551230e-02,lamp_kernel
2.436654e+00,2321,1.69032820467399e-07,5.24666660828488e-02,5.24668351156693e-02,5.23332244950846e-02,lamp_kernel
2.457703e+00,2341,1.67447643232160e-07,5.24659694588533e-02,5.24661369064965e-02,5.23340808424155e-02,lamp_kernel
2.509044e+00,2361,1.65490117256328e-07,5.24652912621726e-02,5.24654567522898e-02,5.23349227646987e-02,lamp_kernel
2.530054e+00,2381,1.63206891425123e-07,5.24646310109675e-02,5.24647942178589e-02,5.23357506189445e-02,lamp_kernel
2.551043e+00,2401,1.61389566896039e-07,5.24639867777435e-02,5.24641481673104e-02,5.23365647449453e-02,lamp_kernel
2.572042e+00,2421,1.60155343786193e-07,5.24633587356777e-02,5.24635188910215e-02,5.23373654747900e-02,lamp_kernel
2.593027e+00,2441,1.58145986342597e-07,5.24627470152130e-02,5.24629051611993e-02,5.23381531338384e-02,lamp_kernel
2.614015e+00,2461,1.55738962057914e-07,5.24621500807868e-02,5.24623058197488e-02,5.23389239078128e-02,lamp_kernel
2.635005e+00,2481,1.53631662467607e-07,5.24615675063937e-02,5.24617211380561e-02,5.23396814483937e-02,lamp_kernel
2.655981e+00,2501,1.51858430848358e-07,5.24609996110894e-02,5.24611514695203e-02,5.23404269118811e-02,lamp_kernel
2.676975e+00,2521,1.50633973661079e-07,5.24604454009121e-02,5.24605960348857e-02,5.23411588208475e-02,lamp_kernel
2.697958e+00,2541,1.50053677530899e-07,5.24599041028755e-02,5.24600541565530e-02,5.23418753102362e-02,lamp_kernel
2.718951e+00,2561,1.48818859611604e-07,5.24593759529010e-02,5.24595247717606e-02,5.23425806816847e-02,lamp_kernel
2.739930e+00,2581,1.46964430215669e-07,5.24588604856354e-02,5.24590074500657e-02,5.23432752106998e-02,lamp_kernel
2.760906e+00,2601,1.45559429365380e-07,5.24583568255286e-02,5.24585023849580e-02,5.23439591417897e-02,lamp_kernel
2.781880e+00,2621,1.44382629232775e-07,5.24578648987345e-02,5.24580092813637e-02,5.23446324577163e-02,lamp_kernel
2.802870e+00,2641,1.42957494794508e-07,5.24573845907697e-02,5.24575275482645e-02,5.23452949277755e-02,lamp_kernel
2.823858e+00,2661,1.41622420032691e-07,5.24569152174512e-02,5.24570568398712e-02,5.23459464743266e-02,lamp_kernel
2.844858e+00,2681,1.40624157112375e-07,5.24564564189016e-02,5.24565970430587e-02,5.23465877718617e-02,lamp_kernel
2.865833e+00,2701,1.39626312255798e-07,5.24560081604200e-02,5.24561477867323e-02,5.23472195803742e-02,lamp_kernel
2.886830e+00,2721,1.38416023121698e-07,5.24555700577372e-02,5.24557084737603e-02,5.23478414256673e-02,lamp_kernel
2.907819e+00,2741,1.37126321678195e-07,5.24551416413019e-02,5.24552787676235e-02,5.23484513287034e-02,lamp_kernel
2.928801e+00,2761,1.35674295347551e-07,5.24547227592535e-02,5.24548584335488e-02,5.23490498571621e-02,lamp_kernel
2.949773e+00,2781,1.33983926980803e-07,5.24543132385344e-02,5.24544472224614e-02,5.23496391877148e-02,lamp_kernel
2.970765e+00,2801,1.32639560243234e-07,5.24539126786815e-02,5.24540453182417e-02,5.23502202072845e-02,lamp_kernel
2.991772e+00,2821,1.31858436683225e-07,5.24535207774842e-02,5.24536526359209e-02,5.23507924494369e-02,lamp_kernel
3.012775e+00,2841,1.31048654263954e-07,5.24531374239509e-02,5.24532684726052e-02,5.23513554836919e-02,lamp_kernel
3.033791e+00,2861,1.29817431194248e-07,5.24527624036105e-02,5.24528922210417e-02,5.23519103781608e-02,lamp_kernel
3.054791e+00,2881,1.28461327156149e-07,5.24523953771226e-02,5.24525238384498e-02,5.23524577176573e-02,lamp_kernel
3.075824e+00,2901,1.27077580580056e-07,5.24520361413580e-02,5.24521632189386e-02,5.23529976547071e-02,lamp_kernel
3.096843e+00,2921,1.25637147218086e-07,5.24516845796891e-02,5.24518102168363e-02,5.23535303374287e-02,lamp_kernel
3.117876e+00,2941,1.24436230012579e-07,5.24513404387790e-02,5.24514648750091e-02,5.23540559105451e-02,lamp_kernel
3.138906e+00,2961,1.23556880349404e-07,5.24510034456136e-02,5.24511270024939e-02,5.23545745146619e-02,lamp_kernel
3.159939e+00,2981,1.22644336692236e-07,5.24506734779354e-02,5.24507961222721e-02,5.23550862358091e-02,lamp_kernel
3.180973e+00,3001,1.21504823768104e-07,5.24503504032566e-02,5.24504719080804e-02,5.23555901756939e-02,lamp_kernel
3.202004e+00,3021,1.20323163061728e-07,5.24500339738802e-02,5.24501542970433e-02,5.23560874723401e-02,lamp_kernel
3.223048e+00,3041,1.19124694358397e-07,5.24497239944366e-02,5.24498431191310e-02,5.23565783428123e-02,lamp_kernel
3.244091e+00,3061,1.17838298783036e-07,5.24494203597495e-02,5.24495381980483e-02,5.23570629097828e-02,lamp_kernel
3.265130e+00,3081,1.16571741756830e-07,5.24491229078296e-02,5.24492394795714e-02,5.23575412927412e-02,lamp_kernel
3.286173e+00,3101,1.15447363049863e-07,5.24488314290769e-02,5.24489468764400e-02,5.23580136080121e-02,lamp_kernel
3.307219e+00,3121,1.14417730418141e-07,5.24485457796747e-02,5.24486601974051e-02,5.23584799690122e-02,lamp_kernel
3.328284e+00,3141,1.13391020458334e-07,5.24482658530378e-02,5.24483792440582e-02,5.23589404863839e-02,lamp_kernel
3.349333e+00,3161,1.12306559876810e-07,5.24479914990211e-02,5.24481038055810e-02,5.23593951746574e-02,lamp_kernel
3.370388e+00,3181,1.11113818117584e-07,5.24477225511633e-02,5.24478336649814e-02,5.23598433667712e-02,lamp_kernel
3.391461e+00,3201,1.09844032355691e-07,5.24474588833033e-02,5.24475687273356e-02,5.23602859165691e-02,lamp_kernel
3.412524e+00,3221,1.08581066549482e-07,5.24472003876794e-02,5.24473089687459e-02,5.23607223363851e-02,lamp_kernel
3.433600e+00,3241,1.07401891346080e-07,5.24469469280951e-02,5.24470543299865e-02,5.23611530118659e-02,lamp_kernel
3.454669e+00,3261,1.06370924479016e-07,5.24466983581595e-02,5.24468047290840e-02,5.23615785104679e-02,lamp_kernel
3.475742e+00,3281,1.05465232201171e-07,5.24464545668971e-02,5.24465600321293e-02,5.23619989233564e-02,lamp_kernel
3.496824e+00,3301,1.04542466164785e-07,5.24462154614574e-02,5.24463200039236e-02,5.23624143401544e-02,lamp_kernel
3.517914e+00,3321,1.03471200913177e-07,5.24459809224032e-02,5.24460843936041e-02,5.23628248480072e-02,lamp_kernel
3.538986e+00,3341,1.02273265053453e-07,5.24457508200317e-02,5.24458530932968e-02,5.23632302904403e-02,lamp_kernel
3.560079e+00,3361,1.01044284864471e-07,5.24455250508989e-02,5.24456260951838e-02,5.23636306347840e-02,lamp_kernel
3.581163e+00,3381,9.98559560000272e-08,5.24453035198125e-02,5.24454033757685e-02,5.23640256188596e-02,lamp_kernel
3.602264e+00,3401,9.87734666158404e-08,5.24450861138793e-02,5.24451848873459e-02,5.23644160338144e-02,lamp_kernel
3.623346e+00,3421,9.77863341104598e-08,5.24448727230792e-02,5.24449705094133e-02,5.23648018231264e-02,lamp_kernel
3.644431e+00,3441,9.67901385638952e-08,5.24446632611951e-02,5.24447600513337e-02,5.23651829082735e-02,lamp_kernel
3.665519e+00,3461,9.56500536397312e-08,5.24444576493265e-02,5.24445532993802e-02,5.23655593007227e-02,lamp_kernel
3.686602e+00,3481,9.43736986580880e-08,5.24442557977784e-02,5.24443501714771e-02,5.23659314342591e-02,lamp_kernel
3.707681e+00,3501,9.31034867152023e-08,5.24440576136807e-02,5.24441507171675e-02,5.23662993792051e-02,lamp_kernel
3.728769e+00,3521,9.18730674758811e-08,5.24438630141542e-02,5.24439548872217e-02,5.23666630639341e-02,lamp_kernel
3.749858e+00,3541,9.07646351866312e-08,5.24436719234980e-02,5.24437626881332e-02,5.23670219675821e-02,lamp_kernel
3.770948e+00,3561,8.98076757683683e-08,5.24434842624716e-02,5.24435740701474e-02,5.23673769034841e-02,lamp_kernel
3.792048e+00,3581,8.89041701666845e-08,5.24432999494101e-02,5.24433888535802e-02,5.23677277452293e-02,lamp_kernel
3.813144e+00,3601,8.79426570830072e-08,5.24431189106123e-02,5.24432068532694e-02,5.23680745894730e-02,lamp_kernel
3.834241e+00,3621,8.68834082384893e-08,5.24429410790413e-02,5.24430279624496e-02,5.23684176540805e-02,lamp_kernel
3.855338e+00,3641,8.57651139467212e-08,5.24427663822509e-02,5.24428521473648e-02,5.23687569989252e-02,lamp_kernel
3.876436e+00,3661,8.46656555820573e-08,5.24425947418573e-02,5.24426794075129e-02,5.23690926825738e-02,lamp_kernel
3.897532e+00,3681,8.36757007182271e-08,5.24424260853354e-02,5.24425097610361e-02,5.23694247623491e-02,lamp_kernel
3.918632e+00,3701,8.28414186605690e-08,5.24422603494091e-02,5.24423431908278e-02,5.23697532943962e-02,lamp_kernel
3.939733e+00,3721,8.20895090876992e-08,5.24420974719594e-02,5.24421795614685e-02,5.23700783334815e-02,lamp_kernel
3.960820e+00,3741,8.13374160462525e-08,5.24419373883671e-02,5.24420187257831e-02,5.23703999335498e-02,lamp_kernel
3.981921e+00,3761,8.05346051699201e-08,5.24417800364568e-02,5.24418605710620e-02,5.23707181475641e-02,lamp_kernel
4.003024e+00,3781,7.96733083058593e-08,5.24416253587002e-02,5.24417050320085e-02,5.23710323720016e-02,lamp_kernel
4.024129e+00,3801,7.87938104839196e-08,5.24414732973334e-02,5.24415520911438e-02,5.23713432282155e-02,lamp_kernel
4.045237e+00,3821,7.79626970442828e-08,5.24413237914574e-02,5.24414017541545e-02,5.23716502643896e-02,lamp_kernel
4.066350e+00,3841,7.72331074057361e-08,5.24411767817294e-02,5.24412540148368e-02,5.23719538868961e-02,lamp_kernel
4.087442e+00,3861,7.66036680898647e-08,5.24410322153002e-02,5.24411088189683e-02,5.23722541526010e-02,lamp_kernel
4.108541e+00,3881,7.60009401384282e-08,5.24408900436062e-02,5.24409660445464e-02,5.23725511295799e-02,lamp_kernel
4.129647e+00,3901,7.53493901153780e-08,5.24407502171814e-02,5.24408255665716e-02,5.23728451044059e-02,lamp_kernel
4.150748e+00,3921,7.46188503483721e-08,5.24406126847635e-02,5.24406873036138e-02,5.23731361208096e-02,lamp_kernel
4.171854e+00,3941,7.38447561147640e-08,5.24404773959595e-02,5.24405512407156e-02,5.23734242216445e-02,lamp_kernel
4.192968e+00,3961,7.30980370321035e-08,5.24403443024991e-02,5.24404174005361e-02,5.23737094489256e-02,lamp_kernel
4.214083e+00,3981,7.24403252047570e-08,5.24402133572731e-02,5.24402857975983e-02,5.23739918438756e-02,lamp_kernel
4.235201e+00,4001,7.18696023755815e-08,5.24400845140451e-02,5.24401563836474e-02,5.23742714175908e-02,lamp_kernel
4.256316e+00,4021,7.13269740395010e-08,5.24399577288354e-02,5.24400290558094e-02,5.23745482246280e-02,lamp_kernel
4.277445e+00,4041,7.07529426375073e-08,5.24398329606342e-02,5.24399037135768e-02,5.23748223189050e-02,lamp_kernel
4.298572e+00,4061,7.01075935783915e-08,5.24397101696006e-02,5.24397802771942e-02,5.23750937386775e-02,lamp_kernel
4.319693e+00,4081,6.94063666928463e-08,5.24395893146125e-02,5.24396587209792e-02,5.23753625214650e-02,lamp_kernel
4.340824e+00,4101,6.86998597977373e-08,5.24394703532760e-02,5.24395390531358e-02,5.23756287040747e-02,lamp_kernel
4.361949e+00,4121,6.80431088538476e-08,5.24393532443338e-02,5.24394212874426e-02,5.23758923226389e-02,lamp_kernel
4.383083e+00,4141,6.74741865537609e-08,5.24392379494994e-02,5.24393054236860e-02,5.23761534126497e-02,lamp_kernel
4.404241e+00,4161,6.69682418392194e-08,5.24391244329680e-02,5.24391914012098e-02,5.23764120089798e-02,lamp_kernel
4.425397e+00,4181,6.64664105130826e-08,5.24390126598208e-02,5.24390791262314e-02,5.23766681458870e-02,lamp_kernel
4.446555e+00,4201,6.59081601969250e-08,5.24389025952775e-02,5.24389685034377e-02,5.23769218570107e-02,lamp_kernel
4.467751e+00,4221,6.52851154557716e-08,5.24387942048639e-02,5.24388594899793e-02,5.23771731753705e-02,lamp_kernel
4.488940e+00,4241,6.46370859790858e-08,5.24386874544020e-02,5.24387520914880e-02,5.23774219331610e-02,lamp_kernel
4.510140e+00,4261,6.40318047847850e-08,5.24385823097558e-02,5.24386463415606e-02,5.23776681767812e-02,lamp_kernel
4.531356e+00,4281,6.35115582288663e-08,5.24384787373377e-02,5.24385422488959e-02,5.23779121236770e-02,lamp_kernel
4.552546e+00,4301,6.30116005580326e-08,5.24383767053754e-02,5.24384397169760e-02,5.23781537572198e-02,lamp_kernel
4.573748e+00,4321,6.25493988222297e-08,5.24382761844542e-02,5.24383387338530e-02,5.23783927729938e-02,lamp_kernel
4.594948e+00,4341,6.20489528571649e-08,5.24381771464460e-02,5.24382391953988e-02,5.23786295891709e-02,lamp_kernel
4.616146e+00,4361,6.14944652048258e-08,5.24380795628749e-02,5.24381410573401e-02,5.23788640518084e-02,lamp_kernel
4.637342e+00,4381,6.09073572911492e-08,5.24379834043614e-02,5.24380443117187e-02,5.23790961752008e-02,lamp_kernel
4.658516e+00,4401,6.03636951169719e-08,5.24378886414941e-02,5.24379490051892e-02,5.23793261923888e-02,lamp_kernel
4.679711e+00,4421,5.99021754710329e-08,5.24377952460096e-02,5.24378551481851e-02,5.23795541308626e-02,lamp_kernel
4.700918e+00,4441,5.94018151593619e-08,5.24377031912526e-02,5.24377625930678e-02,5.23797800176629e-02,lamp_kernel
4.722110e+00,4461,5.89386633206869e-08,5.24376124519098e-02,5.24376713905731e-02,5.23800038793928e-02,lamp_kernel
4.743313e+00,4481,5.85126826439807e-08,5.24375230035379e-02,5.24375815162206e-02,5.23802257422187e-02,lamp_kernel
4.764506e+00,4501,5.80550686074124e-08,5.24374348221083e-02,5.24374928771769e-02,5.23804456318665e-02,lamp_kernel
4.785736e+00,4521,5.75615107716107e-08,5.24373478835562e-02,5.24374054450670e-02,5.23806635736224e-02,lamp_kernel
4.806955e+00,4541,5.70710664383359e-08,5.24372621635368e-02,5.24373192346033e-02,5.23808795923440e-02,lamp_kernel
4.828171e+00,4561,5.66462580673909e-08,5.24371776377328e-02,5.24372342839908e-02,5.23810937124775e-02,lamp_kernel
4.849427e+00,4581,5.61784346985183e-08,5.24370942826675e-02,5.24371504611022e-02,5.23813059580784e-02,lamp_kernel
4.870695e+00,4601,5.56763268748686e-08,5.24370120763791e-02,5.24370677527060e-02,5.23815163528245e-02,lamp_kernel
4.891935e+00,4621,5.52249320113960e-08,5.24369309983487e-02,5.24369862232807e-02,5.23817249200198e-02,lamp_kernel
4.913185e+00,4641,5.47877411452991e-08,5.24368510286679e-02,5.24369058164090e-02,5.23819316825927e-02,lamp_kernel
4.934455e+00,4661,5.43239863518610e-08,5.24367721471477e-02,5.24368264711340e-02,5.23821366630931e-02,lamp_kernel
4.955688e+00,4681,5.38582396342772e-08,5.24366943330473e-02,5.24367481912869e-02,5.23823398836976e-02,lamp_kernel
4.976950e+00,4701,5.34552482733344e-08,5.24366175655636e-02,5.24366710208119e-02,5.23825413662226e-02,lamp_kernel
4.998210e+00,4721,5.30244096543600e-08,5.24365418246142e-02,5.24365948490238e-02,5.23827411321411e-02,lamp_kernel
5.019456e+00,4741,5.25629551365148e-08,5.24364670913505e-02,5.24365196543056e-02,5.23829392025967e-02,lamp_kernel
5.040708e+00,4761,5.20991172454005e-08,5.24363933481022e-02,5.24364454472194e-02,5.23831355984108e-02,lamp_kernel
5.061952e+00,4781,5.17151029858789e-08,5.24363205778533e-02,5.24363722929563e-02,5.23833303400812e-02,lamp_kernel
5.083227e+00,4801,5.13635368860785e-08,5.24362487636161e-02,5.24363001271530e-02,5.23835234477795e-02,lamp_kernel
5.104495e+00,4821,5.10045251810903e-08,5.24361778880859e-02,5.24362288926111e-02,5.23837149413522e-02,lamp_kernel
5.125760e+00,4841,5.06939584808100e-08,5.24361079337423e-02,5.24361586277008e-02,5.23839047920960e-02,lamp_kernel
5.147009e+00,4861,5.03658554939304e-08,5.24360388833225e-02,5.24360892491780e-02,5.23840926883510e-02,lamp_kernel
5.168243e+00,4881,5.00082632446165e-08,5.24359707203607e-02,5.24360207286239e-02,5.23842790315467e-02,lamp_kernel
5.189490e+00,4901,4.96279594523563e-08,5.24359034294532e-02,5.24359530574127e-02,5.23844638403399e-02,lamp_kernel
5.210746e+00,4921,4.92480215249269e-08,5.24358369960607e-02,5.24358862440822e-02,5.23846471331061e-02,lamp_kernel
5.231996e+00,4941,4.89008279694664e-08,5.24357714059712e-02,5.24358203067992e-02,5.23848287940097e-02,lamp_kernel
5.253252e+00,4961,4.85759342298282e-08,5.24357066447600e-02,5.24357552206942e-02,5.23850089703169e-02,lamp_kernel
5.274517e+00,4981,4.82849083226787e-08,5.24356426976132e-02,5.24356909825215e-02,5.23851876842549e-02,lamp_kernel
5.295800e+00,5001,4.79844970716096e-08,5.24355795496402e-02,5.24356275341373e-02,5.23853649531261e-02,lamp_kernel
5.317066e+00,5021,4.76602147476436e-08,5.24355171864624e-02,5.24355648466772e-02,5.23855407939728e-02,lamp_kernel
5.338307e+00,5041,4.73103449536463e-08,5.24354555946574e-02,5.24355029050023e-02,5.23857152235872e-02,lamp_kernel
5.359520e+00,5061,4.69510006686113e-08,5.24353947617409e-02,5.24354417127415e-02,5.23858882585145e-02,lamp_kernel
5.380764e+00,5081,4.66151245149315e-08,5.24353346756929e-02,5.24353812908174e-02,5.23860599150525e-02,lamp_kernel
5.402011e+00,5101,4.63113276078922e-08,5.24352753243799e-02,5.24353216357075e-02,5.23862302092485e-02,lamp_kernel
5.423254e+00,5121,4.60330770565392e-08,5.24352166952637e-02,5.24352627283408e-02,5.23863991569015e-02,lamp_kernel
5.444483e+00,5141,4.57560530456144e-08,5.24351587755847e-02,5.24352045316378e-02,5.23865667735685e-02,lamp_kernel
5.465725e+00,5161,4.54590167655671e-08,5.24351015528626e-02,5.24351470118793e-02,5.23867330745746e-02,lamp_kernel
5.486974e+00,5181,4.51338617821409e-08,5.24350450153557e-02,5.24350901492175e-02,5.23868980750230e-02,lamp_kernel
5.508250e+00,5201,4.48019513773394e-08,5.24349891521714e-02,5.24350339541228e-02,5.23870617898006e-02,lamp_kernel
5.529515e+00,5221,4.44797569003534e-08,5.24349339529705e-02,5.24349784327274e-02,5.23872242335781e-02,lamp_kernel
5.550783e+00,5241,4.41806271527061e-08,5.24348794074853e-02,5.24349235881125e-02,5.23873854208081e-02,lamp_kernel
5.572045e+00,5261,4.39111272229041e-08,5.24348255051620e-02,5.24348694162892e-02,5.23875453657249e-02,lamp_kernel
5.593328e+00,5281,4.36565206648622e-08,5.24347722351442e-02,5.24348158916648e-02,5.23877040823476e-02,lamp_kernel
5.614628e+00,5301,4.33978800932599e-08,5.24347195866040e-02,5.24347629844841e-02,5.23878615844883e-02,lamp_kernel
5.635930e+00,5321,4.31179616155173e-08,5.24346675491775e-02,5.24347106671391e-02,5.23880178857615e-02,lamp_kernel
5.657212e+00,5341,4.28191924147327e-08,5.24346161132318e-02,5.24346589324243e-02,5.23881729995899e-02,lamp_kernel
5.678527e+00,5361,4.25157596594746e-08,5.24345652697773e-02,5.24346077855370e-02,5.23883269392071e-02,lamp_kernel
5.699821e+00,5381,4.22302920532101e-08,5.24345150100840e-02,5.24345572403761e-02,5.23884797176561e-02,lamp_kernel
5.721105e+00,5401,4.19751574963353e-08,5.24344653252662e-02,5.24345073004237e-02,5.23886313477878e-02,lamp_kernel
5.742414e+00,5421,4.17420562406230e-08,5.24344162060953e-02,5.24344579481515e-02,5.23887818422630e-02,lamp_kernel
5.763708e+00,5441,4.15066903661684e-08,5.24343676431753e-02,5.24344091498656e-02,5.23889312135571e-02,lamp_kernel
5.784981e+00,5461,4.12520528422027e-08,5.24343196273401e-02,5.24343608793929e-02,5.23890794739687e-02,lamp_kernel
5.860594e+00,5481,4.09748523089598e-08,5.24342721500160e-02,5.24343131248683e-02,5.23892266356253e-02,lamp_kernel
5.881869e+00,5501,4.06840299009173e-08,5.24342252032901e-02,5.24342658873200e-02,5.23893727104881e-02,lamp_kernel
5.903064e+00,5521,4.03988648291697e-08,5.24341787796500e-02,5.24342191785148e-02,5.23895177103508e-02,lamp_kernel
5.924269e+00,5541,4.01330369889635e-08,5.24341328715652e-02,5.24341730046022e-02,5.23896616468391e-02,lamp_kernel
5.945477e+00,5561,3.98931708731732e-08,5.24340874712023e-02,5.24341273643732e-02,5.23898045314100e-02,lamp_kernel
5.966678e+00,5581,3.96640945633464e-08,5.24340425704433e-02,5.24340822345378e-02,5.23899462639751e-02,lamp_kernel
5.987884e+00,5601,3.94270339413669e-08,5.24339981612020e-02,5.24340375882359e-02,5.23900869102857e-02,lamp_kernel
6.009112e+00,5621,3.91680894508761e-08,5.24339542358071e-02,5.24339934038966e-02,5.23902265404431e-02,lamp_kernel
6.030328e+00,5641,3.88903742308116e-08,5.24339107871954e-02,5.24339496775696e-02,5.23903651652500e-02,lamp_kernel
6.051536e+00,5661,3.86084672749332e-08,5.24338678087969e-02,5.24339064172642e-02,5.23905027953631e-02,lamp_kernel
6.072762e+00,5681,3.83409789420202e-08,5.24338252941769e-02,5.24338636351559e-02,5.23906394412914e-02,lamp_kernel
6.093981e+00,5701,3.80961153876396e-08,5.24337832366883e-02,5.24338213328037e-02,5.23907751133957e-02,lamp_kernel
6.115215e+00,5721,3.78671467072590e-08,5.24337416293620e-02,5.24337794965087e-02,5.23909098218898e-02,lamp_kernel
6.136429e+00,5741,3.76384514322095e-08,5.24337004650905e-02,5.24337381035420e-02,5.23910435768450e-02,lamp_kernel
6.157632e+00,5761,3.74105058063805e-08,5.24336597369941e-02,5.24336971474999e-02,5.23911763881958e-02,lamp_kernel
6.178840e+00,5781,3.71659789649155e-08,5.24336194387016e-02,5.24336566046806e-02,5.23913082657450e-02,lamp_kernel
6.200064e+00,5801,3.69206482946721e-08,5.24335795643674e-02,5.24336164850157e-02,5.23914391991936e-02,lamp_kernel
6.221293e+00,5821,3.66816148397078e-08,5.24335401084196e-02,5.24335767900344e-02,5.23915690925611e-02,lamp_kernel
6.242497e+00,5841,3.64588766470969e-08,5.24335010652040e-02,5.24335375240806e-02,5.23916980815330e-02,lamp_kernel
6.263716e+00,5861,3.62517935468704e-08,5.24334624287642e-02,5.24334986805578e-02,5.23918261753799e-02,lamp_kernel
6.284950e+00,5881,3.60457224917878e-08,5.24334241929016e-02,5.24334602386241e-02,5.23919533832453e-02,lamp_kernel
6.306170e+00,5901,3.58281968569028e-08,5.24333863514595e-02,5.24334221796564e-02,5.23920797141496e-02,lamp_kernel
6.327388e+00,5921,3.55923833334226e-08,5.24333488986514e-02,5.24333844910347e-02,5.23922051769956e-02,lamp_kernel
6.348608e+00,5941,3.53434901519729e-08,5.24333118291902e-02,5.24333471726803e-02,5.23923295945335e-02,lamp_kernel
6.369849e+00,5961,3.50931101608725e-08,5.24332751381657e-02,5.24333102312758e-02,5.23924531241038e-02,lamp_kernel
6.391080e+00,5981,3.48523991263899e-08,5.24332388207259e-02,5.24332736731251e-02,5.23925758156353e-02,lamp_kernel
6.412316e+00,6001,3.46251434357492e-08,5.24332028718003e-02,5.24332374969437e-02,5.23926976774860e-02,lamp_kernel
6.433541e+00,6021,3.44069046288013e-08,5.24331672860272e-02,5.24332016929319e-02,5.23928187017633e-02,lamp_kernel
6.454764e+00,6041,3.41852974296897e-08,5.24331320579364e-02,5.24331662432338e-02,5.23929386523724e-02,lamp_kernel
6.476004e+00,6061,3.39502762096010e-08,5.24330971822590e-02,5.24331311325352e-02,5.23930578006181e-02,lamp_kernel
6.497256e+00,6081,3.37005389557953e-08,5.24330626541529e-02,5.24330963546918e-02,5.23931761543991e-02,lamp_kernel
6.518486e+00,6101,3.34442784644733e-08,5.24330284692026e-02,5.24330619134811e-02,5.23932937215146e-02,lamp_kernel
6.539738e+00,6121,3.31951253564517e-08,5.24329946231882e-02,5.24330278183136e-02,5.23934105096638e-02,lamp_kernel
6.560986e+00,6141,3.29606938974569e-08,5.24329611117845e-02,5.24329940724784e-02,5.23935265264459e-02,lamp_kernel
6.582238e+00,6161,3.27401654610490e-08,5.24329279303892e-02,5.24329606705547e-02,5.23936417271992e-02,lamp_kernel
6.603488e+00,6181,3.25213707321129e-08,5.24328950741916e-02,5.24329275955624e-02,5.23937561698745e-02,lamp_kernel
6.624728e+00,6201,3.22947569786184e-08,5.24328625384136e-02,5.24328948331706e-02,5.23938698524595e-02,lamp_kernel
6.645959e+00,6221,3.20554765412126e-08,5.24328303185920e-02,5.24328623740685e-02,5.23939827803096e-02,lamp_kernel
6.667188e+00,6241,3.18059033640732e-08,5.24327984106814e-02,5.24328302165847e-02,5.23940949739709e-02,lamp_kernel
6.688427e+00,6261,3.15564929679782e-08,5.24327668109336e-02,5.24327983674265e-02,5.23942064404685e-02,lamp_kernel
6.709662e+00,6281,3.13170279977256e-08,5.24327355156284e-02,5.24327668326564e-02,5.23943171867390e-02,lamp_kernel
6.730906e+00,6301,3.10892893489514e-08,5.24327045208374e-02,5.24327356101267e-02,5.23944272196298e-02,lamp_kernel
6.752140e+00,6321,3.08702856803079e-08,5.24326738223711e-02,5.24327046926568e-02,5.23945365459007e-02,lamp_kernel
6.773393e+00,6341,3.06538898013561e-08,5.24326434159441e-02,5.24326740698339e-02,5.23946451722263e-02,lamp_kernel
6.794631e+00,6361,3.04344554281101e-08,5.24326132974410e-02,5.24326437318964e-02,5.23947531041765e-02,lamp_kernel
6.816145e+00,6381,3.02088362463588e-08,5.24325834631047e-02,5.24326136719409e-02,5.23948603407872e-02,lamp_kernel
6.837444e+00,6401,2.99808634392522e-08,5.24325539095314e-02,5.24325838903948e-02,5.23949668972435e-02,lamp_kernel
6.858719e+00,6421,2.97581234796126e-08,5.24325246334655e-02,5.24325543915889e-02,5.23950727798948e-02,lamp_kernel
6.880013e+00,6441,2.95514243995580e-08,5.24324956315467e-02,5.24325251829711e-02,5.23951779950115e-02,lamp_kernel
6.901297e+00,6461,2.93552355606123e-08,5.24324669001688e-02,5.24324962554043e-02,5.23952825487851e-02,lamp_kernel
6.922567e+00,6481,2.91606331191241e-08,5.24324384355359e-02,5.24324675961690e-02,5.23953864473303e-02,lamp_kernel
6.943853e+00,6501,2.89580087850212e-08,5.24324102338818e-02,5.24324391918906e-02,5.23954896966868e-02,lamp_kernel
6.965141e+00,6521,2.87447915437085e-08,5.24323822916986e-02,5.24324110364901e-02,5.23955923028228e-02,lamp_kernel
6.986428e+00,6541,2.85237356842951e-08,5.24323546058300e-02,5.24323831295657e-02,5.23956942716358e-02,lamp_kernel
7.007708e+00,6561,2.83028639445576e-08,5.24323271733590e-02,5.24323554762229e-02,5.23957956089531e-02,lamp_kernel
7.029001e+00,6581,2.80919458077758e-08,5.24322999913855e-02,5.24323280833313e-02,5.23958963205314e-02,lamp_kernel
7.050299e+00,6601,2.78937971882269e-08,5.24322730568229e-02,5.24323009506201e-02,5.23959964120568e-02,lamp_kernel
7.071588e+00,6621,2.77026545932990e-08,5.24322463663571e-02,5.24322740690117e-02,5.23960958891458e-02,lamp_kernel
7.092860e+00,6641,2.75082798604366e-08,5.24322199165851e-02,5.24322474248650e-02,5.23961947573470e-02,lamp_kernel
7.114136e+00,6661,2.73042320268794e-08,5.24321937042419e-02,5.24322210084740e-02,5.23962929211770e-02,lamp_kernel
7.135405e+00,6681,2.70907137101604e-08,5.24321677263600e-02,5.24321948170737e-02,5.23963904309485e-02,lamp_kernel
7.156662e+00,6701,2.68734080476722e-08,5.24321419802639e-02,5.24321688536720e-02,5.23964873495860e-02,lamp_kernel
7.177925e+00,6721,2.66600211146211e-08,5.24321164634015e-02,5.24321431234226e-02,5.23965836823625e-02,lamp_kernel
7.199194e+00,6741,2.64548572209970e-08,5.24320911731265e-02,5.24321176279837e-02,5.23966794344880e-02,lamp_kernel
7.220461e+00,6761,2.62575555092527e-08,5.24320661065812e-02,5.24320923641367e-02,5.23967746111101e-02,lamp_kernel
7.241720e+00,6781,2.60631326940122e-08,5.24320412607406e-02,5.24320673238733e-02,5.23968692173153e-02,lamp_kernel
7.262961e+00,6801,2.58641316431832e-08,5.24320166325969e-02,5.24320424967286e-02,5.23969632581306e-02,lamp_kernel
7.284213e+00,6821,2.56579704555622e-08,5.24319922193532e-02,5.24320178773236e-02,5.23970567385259e-02,lamp_kernel
7.305470e+00,6841,2.54461983734938e-08,5.24319680185021e-02,5.24319934647004e-02,5.23971496634143e-02,lamp_kernel
7.326722e+00,6861,2.52372966834387e-08,5.24319440277386e-02,5.24319692650353e-02,5.23972420376531e-02,lamp_kernel
7.347941e+00,6881,2.50362298932217e-08,5.24319202447723e-02,5.24319452810022e-02,5.23973338660429e-02,lamp_kernel
7.369184e+00,6901,2.48445343473978e-08,5.24318966671540e-02,5.24319215116884e-02,5.23974251533285e-02,lamp_kernel
7.390437e+00,6921,2.46610352340848e-08,5.24318732922399e-02,5.24318979532751e-02,5.23975159041986e-02,lamp_kernel
7.411686e+00,6941,2.44774547835561e-08,5.24318501173020e-02,5.24318745947568e-02,5.23976061232885e-02,lamp_kernel
7.432933e+00,6961,2.42881551784852e-08,5.24318271397212e-02,5.24318514278763e-02,5.23976958151807e-02,lamp_kernel
7.454174e+00,6981,2.40933629148937e-08,5.24318043571203e-02,5.24318284504832e-02,5.23977849844070e-02,lamp_kernel
7.475427e+00,7001,2.39004576710679e-08,5.24317817673642e-02,5.24318056678218e-02,5.23978736354486e-02,lamp_kernel
7.496662e+00,7021,2.37139944762118e-08,5.24317593684268e-02,5.24317830824213e-02,5.23979617727360e-02,lamp_kernel
7.517911e+00,7041,2.35364244817112e-08,5.24317371582065e-02,5.24317606946310e-02,5.23980494006493e-02,lamp_kernel
7.539167e+00,7061,2.33683844110193e-08,5.24317151344213e-02,5.24317385028057e-02,5.23981365235183e-02,lamp_kernel
7.560408e+00,7081,2.32041441914886e-08,5.24316932946469e-02,5.24317164987911e-02,5.23982231456235e-02,lamp_kernel
7.581679e+00,7101,2.30377216903125e-08,5.24316716364608e-02,5.24316946741825e-02,5.23983092711978e-02,lamp_kernel
7.602945e+00,7121,2.28652034227297e-08,5.24316501576089e-02,5.24316730228123e-02,5.23983949044277e-02,lamp_kernel
7.624200e+00,7141,2.26911435364995e-08,5.24316288560753e-02,5.24316515472189e-02,5.23984800461270e-02,lamp_kernel
7.645459e+00,7161,2.25246703438389e-08,5.24316077300165e-02,5.24316302546869e-02,5.23985646009096e-02,lamp_kernel
7.666710e+00,7181,2.23634374076869e-08,5.24315867776054e-02,5.24316091410428e-02,5.23986486766915e-02,lamp_kernel
7.687966e+00,7201,2.22168199874342e-08,5.24315659968893e-02,5.24315882137093e-02,5.23987322492123e-02,lamp_kernel
7.709230e+00,7221,2.20769287381355e-08,5.24315453857490e-02,5.24315674626777e-02,5.23988152937532e-02,lamp_kernel
7.730491e+00,7241,2.19348408956998e-08,5.24315249419867e-02,5.24315468768276e-02,5.23988978720152e-02,lamp_kernel
7.751773e+00,7261,2.17883582643345e-08,5.24315046634852e-02,5.24315264518435e-02,5.23989799878500e-02,lamp_kernel
7.773040e+00,7281,2.16370932804461e-08,5.24314845483210e-02,5.24315061854143e-02,5.23990616450681e-02,lamp_kernel
7.794305e+00,7301,2.14835693279284e-08,5.24314645947727e-02,5.24314860783420e-02,5.23991428474390e-02,lamp_kernel
7.815557e+00,7321,2.13327458853093e-08,5.24314448012159e-02,5.24314661339618e-02,5.23992235986918e-02,lamp_kernel
7.836811e+00,7341,2.11873899388423e-08,5.24314251659719e-02,5.24314463533618e-02,5.23993039025142e-02,lamp_kernel
7.858074e+00,7361,2.10467997114848e-08,5.24314056872155e-02,5.24314267340152e-02,5.23993837625538e-02,lamp_kernel
7.879337e+00,7381,2.09090155432863e-08,5.24313863629961e-02,5.24314072720116e-02,5.23994631763999e-02,lamp_kernel
7.900612e+00,7401,2.07677338165307e-08,5.24313671913519e-02,5.24313879590858e-02,5.23995421488464e-02,lamp_kernel
7.921884e+00,7421,2.06216291833399e-08,5.24313481704547e-02,5.24313687920839e-02,5.23996206884697e-02,lamp_kernel
7.943139e+00,7441,2.04720373169893e-08,5.24313292986677e-02,5.24313497707050e-02,5.23996987987587e-02,lamp_kernel
7.964412e+00,7461,2.03229049006269e-08,5.24313105745008e-02,5.24313308974057e-02,5.23997764831659e-02,lamp_kernel
7.985671e+00,7481,2.01779534960018e-08,5.24312919964914e-02,5.24313121744448e-02,5.23998537451065e-02,lamp_kernel
8.006949e+00,7501,2.00376651669930e-08,5.24312735630765e-02,5.24312936007417e-02,5.23999305879596e-02,lamp_kernel
8.028217e+00,7521,1.99009549932530e-08,5.24312552725548e-02,5.24312751735098e-02,5.24000070150677e-02,lamp_kernel
8.049465e+00,7541,1.97647830069871e-08,5.24312371231507e-02,5.24312568879337e-02,5.24000829265613e-02,lamp_kernel
8.070723e+00,7561,1.96257257376806e-08,5.24312191131435e-02,5.24312387388693e-02,5.24001582060857e-02,lamp_kernel
8.091987e+00,7581,1.94862923134931e-08,5.24312012409635e-02,5.24312207272558e-02,5.24002330635324e-02,lamp_kernel
8.113248e+00,7601,1.93487445848387e-08,5.24311835052119e-02,5.24312028539565e-02,5.24003075221181e-02,lamp_kernel
8.134520e+00,7621,1.92172971148807e-08,5.24311659045766e-02,5.24311851218737e-02,5.24003815849782e-02,lamp_kernel
8.155766e+00,7641,1.90929680153657e-08,5.24311484377139e-02,5.24311675306820e-02,5.24004552552156e-02,lamp_kernel
8.177034e+00,7661,1.89741064592410e-08,5.24311311031605e-02,5.24311500772669e-02,5.24005285359008e-02,lamp_kernel
8.198301e+00,7681,1.88586746772851e-08,5.24311138993441e-02,5.24311327580188e-02,5.24006014300719e-02,lamp_kernel
8.219571e+00,7701,1.87415858616677e-08,5.24310968246729e-02,5.24311155662587e-02,5.24006739407362e-02,lamp_kernel
8.240838e+00,7721,1.86224058486036e-08,5.24310798776503e-02,5.24310985000562e-02,5.24007460708703e-02,lamp_kernel
8.262106e+00,7741,1.85007828500673e-08,5.24310630569386e-02,5.24310815577214e-02,5.24008178234209e-02,lamp_kernel
8.283382e+00,7761,1.83859281434767e-08,5.24310463613264e-02,5.24310647472546e-02,5.24008892013051e-02,lamp_kernel
8.304657e+00,7781,1.82727861443477e-08,5.24310297896349e-02,5.24310480624211e-02,5.24009602074098e-02,lamp_kernel
8.325922e+00,7801,1.81595640258214e-08,5.24310133406102e-02,5.24310315001743e-02,5.24010308445926e-02,lamp_kernel
8.347190e+00,7821,1.80461519410696e-08,5.24309970128873e-02,5.24310150590393e-02,5.24011011156815e-02,lamp_kernel
8.368466e+00,7841,1.79341203352049e-08,5.24309808050286e-02,5.24309987391490e-02,5.24011710234760e-02,lamp_kernel
8.389750e+00,7861,1.78224258976158e-08,5.24309647156274e-02,5.24309825380533e-02,5.24012405707475e-02,lamp_kernel
8.411015e+00,7881,1.77121878811540e-08,5.24309487433943e-02,5.24309664555822e-02,5.24013097602399e-02,lamp_kernel
8.432297e+00,7901,1.76036654669290e-08,5.24309328871818e-02,5.24309504908473e-02,5.24013785946702e-02,lamp_kernel
8.453560e+00,7921,1.74966346816149e-08,5.24309171459249e-02,5.24309346425596e-02,5.24014470767280e-02,lamp_kernel
8.474830e+00,7941,1.73907308881337e-08,5.24309015185419e-02,5.24309189092728e-02,5.24015152090759e-02,lamp_kernel
8.496121e+00,7961,1.72855675561137e-08,5.24308860038604e-02,5.24309032894280e-02,5.24015829943498e-02,lamp_kernel
8.517414e+00,7981,1.71813537671750e-08,5.24308706006119e-02,5.24308877819656e-02,5.24016503908426e-02,lamp_kernel
8.538714e+00,8001,1.70785828073672e-08,5.24308553075015e-02,5.24308723860843e-02,5.24017174268612e-02,lamp_kernel
8.559999e+00,8021,1.69775321568183e-08,5.24308401232975e-02,5.24308571008297e-02,5.24017841245851e-02,lamp_kernel
8.581286e+00,8041,1.68776875269786e-08,5.24308250468934e-02,5.24308419245809e-02,5.24018504865301e-02,lamp_kernel
8.602570e+00,8061,1.67791257837359e-08,5.24308100772972e-02,5.24308268564230e-02,5.24019165151878e-02,lamp_kernel
8.623848e+00,8081,1.66815494573415e-08,5.24307952135516e-02,5.24308118951011e-02,5.24019822130254e-02,lamp_kernel
8.645107e+00,8101,1.65835372608158e-08,5.24307804546513e-02,5.24307970381886e-02,5.24020475824858e-02,lamp_kernel
8.666392e+00,8121,1.64851712635603e-08,5.24307657995009e-02,5.24307822846721e-02,5.24021126259875e-02,lamp_kernel
8.687688e+00,8141,1.63870492167735e-08,5.24307512469332e-02,5.24307676339825e-02,5.24021773459258e-02,lamp_kernel
8.708953e+00,8161,1.62901159526744e-08,5.24307367957943e-02,5.24307530859102e-02,5.24022417446728e-02,lamp_kernel
8.730223e+00,8181,1.61953271442166e-08,5.24307224450171e-02,5.24307386403442e-02,5.24023058245779e-02,lamp_kernel
8.751474e+00,8201,1.61018583301770e-08,5.24307081936498e-02,5.24307242955082e-02,5.24023695879683e-02,lamp_kernel
8.772737e+00,8221,1.60097276549693e-08,5.24306940408176e-02,5.24307100505453e-02,5.24024330371488e-02,lamp_kernel
8.793992e+00,8241,1.59197224202584e-08,5.24306799856485e-02,5.24306959053710e-02,5.24024961744020e-02,lamp_kernel
8.815253e+00,8261,1.58298214218122e-08,5.24306660272005e-02,5.24306818570219e-02,5.24025590019884e-02,lamp_kernel
8.836522e+00,8281,1.57401077751221e-08,5.24306521644530e-02,5.24306679045608e-02,5.24026215221467e-02,lamp_kernel
8.857793e+00,8301,1.56544828295407e-08,5.24306383963459e-02,5.24306540508287e-02,5.24026837370943e-02,lamp_kernel
8.879044e+00,8321,1.55704417955952e-08,5.24306247218647e-02,5.24306402923065e-02,5.24027456490277e-02,lamp_kernel
8.900330e+00,8341,1.54878555884201e-08,5.24306111400826e-02,5.24306266279382e-02,5.24028071358382e-02,lamp_kernel
8.921630e+00,8361,1.54104727192445e-08,5.24305976501757e-02,5.24306130606484e-02,5.24028681695425e-02,lamp_kernel
8.942911e+00,8381,1.53343922926203e-08,5.24305842513602e-02,5.24305995857525e-02,5.24029289095726e-02,lamp_kernel
8.964183e+00,8401,1.52585421792139e-08,5.24305709428278e-02,5.24305862013699e-02,5.24029893580438e-02,lamp_kernel
8.985458e+00,8421,1.51838795459167e-08,5.24305577236966e-02,5.24305729075761e-02,5.24030495170672e-02,lamp_kernel
9.006726e+00,8441,1.51089648200826e-08,5.24305445930218e-02,5.24305597019866e-02,5.24031093886881e-02,lamp_kernel
9.027990e+00,8461,1.50346703399578e-08,5.24305315498560e-02,5.24305465845264e-02,5.24031689085718e-02,lamp_kernel
9.049266e+00,8481,1.49617147837228e-08,5.24305185933077e-02,5.24305335550225e-02,5.24032280510923e-02,lamp_kernel
9.070546e+00,8501,1.48923262781931e-08,5.24305057225735e-02,5.24305206148998e-02,5.24032869134849e-02,lamp_kernel
9.091819e+00,8521,1.48250893281765e-08,5.24304929369291e-02,5.24305077620184e-02,5.24033454977112e-02,lamp_kernel
9.113105e+00,8541,1.47594193945658e-08,5.24304802356617e-02,5.24304949950811e-02,5.24034038057147e-02,lamp_kernel
9.134406e+00,8561,1.46939311528568e-08,5.24304676180149e-02,5.24304823119461e-02,5.24034617076848e-02,lamp_kernel
9.155675e+00,8581,1.46283773362535e-08,5.24304550831645e-02,5.24304697115419e-02,5.24035192602327e-02,lamp_kernel
9.176971e+00,8601,1.45635448457244e-08,5.24304426302498e-02,5.24304571937947e-02,5.24035765437250e-02,lamp_kernel
9.198314e+00,8621,1.44999889477290e-08,5.24304302584248e-02,5.24304447584138e-02,5.24036335600249e-02,lamp_kernel
9.219627e+00,8641,1.44376475586753e-08,5.24304179669094e-02,5.24304324045570e-02,5.24036903109788e-02,lamp_kernel
9.240942e+00,8661,1.43767526821826e-08,5.24304057550080e-02,5.24304201317607e-02,5.24037467984162e-02,lamp_kernel
9.262285e+00,8681,1.43166607875100e-08,5.24303936220674e-02,5.24304079387282e-02,5.24038030241500e-02,lamp_kernel
9.283656e+00,8701,1.42565637588859e-08,5.24303815674303e-02,5.24303958239941e-02,5.24038589899768e-02,lamp_kernel
9.305003e+00,8721,1.41959251190371e-08,5.24303695903910e-02,5.24303837863161e-02,5.24039146945381e-02,lamp_kernel
9.326359e+00,8741,1.41361511911866e-08,5.24303576901831e-02,5.24303718263343e-02,5.24039700475275e-02,lamp_kernel
9.347715e+00,8761,1.40775865831365e-08,5.24303458660261e-02,5.24303599436127e-02,5.24040251464927e-02,lamp_kernel
9.369064e+00,8781,1.40196835279510e-08,5.24303341171722e-02,5.24303481368558e-02,5.24040799931589e-02,lamp_kernel
9.390420e+00,8801,1.39623913145326e-08,5.24303224429420e-02,5.24303364053333e-02,5.24041345892359e-02,lamp_kernel
9.411782e+00,8821,1.39066846608265e-08,5.24303108427163e-02,5.24303247494009e-02,5.24041889364187e-02,lamp_kernel
9.433158e+00,8841,1.38537874638145e-08,5.24302993159047e-02,5.24303131696922e-02,5.24042430363867e-02,lamp_kernel
9.454501e+00,8861,1.38002650980214e-08,5.24302878618953e-02,5.24303016621604e-02,5.24042968908045e-02,lamp_kernel
9.475852e+00,8881,1.37461995285240e-08,5.24302764800227e-02,5.24302902262223e-02,5.24043505013217e-02,lamp_kernel
9.497199e+00,8901,1.36922598660713e-08,5.24302651695891e-02,5.24302788618490e-02,5.24044038695731e-02,lamp_kernel
9.518560e+00,8921,1.36392075285211e-08,5.24302539298885e-02,5.24302675690960e-02,5.24044569971794e-02,lamp_kernel
9.539930e+00,8941,1.35870959195616e-08,5.24302427602636e-02,5.24302563473595e-02,5.24045098857469e-02,lamp_kernel
9.561273e+00,8961,1.35356236873641e-08,5.24302316601133e-02,5.24302451957370e-02,5.24045625368679e-02,lamp_kernel
9.582618e+00,8981,1.34847457313081e-08,5.24302206288859e-02,5.24302341136317e-02,5.24046149521210e-02,lamp_kernel
9.603960e+00,9001,1.34342224611998e-08,5.24302096660375e-02,5.24302231002599e-02,5.24046671330705e-02,lamp_kernel
9.625321e+00,9021,1.33836486178106e-08,5.24301987709920e-02,5.24302121546406e-02,5.24047190812672e-02,lamp_kernel
9.646670e+00,9041,1.33328900246500e-08,5.24301879431350e-02,5.24302012760251e-02,5.24047707982483e-02,lamp_kernel
9.668025e+00,9061,1.32822787738530e-08,5.24301771818251e-02,5.24301904641039e-02,5.24048222855373e-02,lamp_kernel
9.689382e+00,9081,1.32321380532739e-08,5.24301664864359e-02,5.24301797185740e-02,5.24048735446448e-02,lamp_kernel
9.710729e+00,9101,1.31830795396475e-08,5.24301558563828e-02,5.24301690394623e-02,5.24049245770684e-02,lamp_kernel
9.732066e+00,9121,1.31350282035357e-08,5.24301452911347e-02,5.24301584261629e-02,5.24049753842926e-02,lamp_kernel
9.753385e+00,9141,1.30869094197182e-08,5.24301347901886e-02,5.24301478770980e-02,5.24050259429592e-02,lamp_kernel
9.774703e+00,9161,1.30394751949873e-08,5.24301243530371e-02,5.24301373925123e-02,5.24050761395242e-02,lamp_kernel
9.796040e+00,9181,1.29918232350627e-08,5.24301139791431e-02,5.24301269709663e-02,5.24051261160670e-02,lamp_kernel
9.817363e+00,9201,1.29439961059127e-08,5.24301036679385e-02,5.24301166119346e-02,5.24051758740166e-02,lamp_kernel
9.838686e+00,9221,1.28973455985791e-08,5.24300934188430e-02,5.24301063161886e-02,5.24052254147897e-02,lamp_kernel
9.859992e+00,9241,1.28540646883205e-08,5.24300832312974e-02,5.24300960853620e-02,5.24052747397907e-02,lamp_kernel
9.881310e+00,9261,1.28124186425700e-08,5.24300731047828e-02,5.24300859172014e-02,5.24053238504127e-02,lamp_kernel
9.902619e+00,9281,1.27725386167400e-08,5.24300630388189e-02,5.24300758113575e-02,5.24053727480364e-02,lamp_kernel
9.923937e+00,9301,1.27333150083631e-08,5.24300530329457e-02,5.24300657662607e-02,5.24054214340313e-02,lamp_kernel
9.945248e+00,9321,1.26938357946225e-08,5.24300430866871e-02,5.24300557805229e-02,5.24054699097546e-02,lamp_kernel
9.966579e+00,9341,1.26546928728075e-08,5.24300331995431e-02,5.24300458542360e-02,5.24055181765526e-02,lamp_kernel
9.987895e+00,9361,1.26171727524495e-08,5.24300233709925e-02,5.24300359881653e-02,5.24055662357595e-02,lamp_kernel
1.000922e+01,9381,1.25811876147208e-08,5.24300136005115e-02,5.24300261816991e-02,5.24056140886990e-02,lamp_kernel
1.003056e+01,9401,1.25462233632489e-08,5.24300038876013e-02,5.24300164338246e-02,5.24056617366833e-02,lamp_kernel
1.005189e+01,9421,1.25115248733198e-08,5.24299942317999e-02,5.24300067433248e-02,5.24057091810136e-02,lamp_kernel
1.007321e+01,9441,1.24764178800933e-08,5.24299846326669e-02,5.24299971090847e-02,5.24057564229807e-02,lamp_kernel
1.009455e+01,9461,1.24406697856266e-08,5.24299750897738e-02,5.24299875304436e-02,5.24058034638641e-02,lamp_kernel
1.011587e+01,9481,1.24080495792891e-08,5.24299656026765e-02,5.24299780107260e-02,5.24058503049329e-02,lamp_kernel
1.013721e+01,9501,1.23758159129775e-08,5.24299561709126e-02,5.24299685467285e-02,5.24058969474453e-02,lamp_kernel
1.015854e+01,9521,1.23442772343050e-08,5.24299467940042e-02,5.24299591382814e-02,5.24059433926492e-02,lamp_kernel
1.017987e+01,9541,1.23138516869232e-08,5.24299374714815e-02,5.24299497853332e-02,5.24059895988105e-02,lamp_kernel
1.020120e+01,9561,1.22841046109667e-08,5.24299282028984e-02,5.24299404870030e-02,5.24060355181823e-02,lamp_kernel
1.022253e+01,9581,1.22547076615203e-08,5.24299189878357e-02,5.24299312425434e-02,5.24060812448895e-02,lamp_kernel
1.024384e+01,9601,1.22247447886695e-08,5.24299098258897e-02,5.24299220506344e-02,5.24061267801331e-02,lamp_kernel
1.026518e+01,9621,1.21940925061666e-08,5.24299007166570e-02,5.24299129107495e-02,5.24061721251041e-02,lamp_kernel
1.028650e+01,9641,1.21631480718651e-08,5.24298916597253e-02,5.24299038228734e-02,5.24062172809836e-02,lamp_kernel
1.030784e+01,9661,1.21331471133841e-08,5.24298826546656e-02,5.24298947878127e-02,5.24062622489433e-02,lamp_kernel
1.032918e+01,9681,1.21040585818114e-08,5.24298737010451e-02,5.24298858051037e-02,5.24063070301449e-02,lamp_kernel
1.035051e+01,9701,1.20774900505810e-08,5.24298647984432e-02,5.24298768759333e-02,5.24063516257412e-02,lamp_kernel
1.037185e+01,9721,1.20523583226369e-08,5.24298559464570e-02,5.24298679988153e-02,5.24063960368751e-02,lamp_kernel
1.039318e+01,9741,1.20271904083304e-08,5.24298471447032e-02,5.24298591718936e-02,5.24064402646806e-02,lamp_kernel
1.041451e+01,9761,1.20025362108372e-08,5.24298383928052e-02,5.24298503953414e-02,5.24064843102824e-02,lamp_kernel
1.043584e+01,9781,1.19799137873695e-08,5.24298296903872e-02,5.24298416703010e-02,5.24065281747959e-02,lamp_kernel
1.045718e+01,9801,1.19570301028279e-08,5.24298210370635e-02,5.24298329940936e-02,5.24065718593276e-02,lamp_kernel
1.047852e+01,9821,1.19343437661927e-08,5.24298124324388e-02,5.24298243667825e-02,5.24066153649750e-02,lamp_kernel
1.049985e+01,9841,1.19118452317525e-08,5.24298038761254e-02,5.24298157879706e-02,5.24066586928268e-02,lamp_kernel
1.052119e+01,9861,1.18906477372257e-08,5.24297953677419e-02,5.24298072583897e-02,5.24067018439630e-02,lamp_kernel
1.054251e+01,9881,1.18716389172382e-08,5.24297869069249e-02,5.24297987785638e-02,5.24067448194550e-02,lamp_kernel
1.056385e+01,9901,1.18567927150024e-08,5.24297784933189e-02,5.24297903501116e-02,5.24067876203656e-02,lamp_kernel
1.058519e+01,9921,1.18439438274030e-08,5.24297701265723e-02,5.24297819705161e-02,5.24068302477491e-02,lamp_kernel
1.060651e+01,9941,1.18322561640644e-08,5.24297618063328e-02,5.24297736385890e-02,5.24068726983175e-02,lamp_kernel
1.062786e+01,9961,1.18205563340252e-08,5.24297535322394e-02,5.24297653527957e-02,5.24069149695367e-02,lamp_kernel
1.064921e+01,9981,1.18087410820851e-08,5.24297453039341e-02,5.24297571126752e-02,5.24069570704840e-02,lamp_kernel
1.067055e+01,10001,1.17970178305806e-08,5.24297371210669e-02,5.24297489180847e-02,5.24069990021793e-02,lamp_kernel
1.069190e+01,10021,1.17863841179970e-08,5.24297289832917e-02,5.24297407696758e-02,5.24070407656341e-02,lamp_kernel
1.071328e+01,10041,1.17783955493078e-08,5.24297208902759e-02,5.24297326686714e-02,5.24070823618522e-02,lamp_kernel
1.073463e+01,10061,1.17697545586273e-08,5.24297128416903e-02,5.24297246114449e-02,5.24071237918292e-02,lamp_kernel
1.075602e+01,10081,1.17601059224205e-08,5.24297048372024e-02,5.24297165973083e-02,5.24071650565532e-02,lamp_kernel
1.077740e+01,10101,1.17497242206221e-08,5.24296968764850e-02,5.24297086262092e-02,5.24072061570043e-02,lamp_kernel
1.079879e+01,10121,1.17389544532976e-08,5.24296889592029e-02,5.24297006981573e-02,5.24072470941550e-02,lamp_kernel
1.082021e+01,10141,1.17281440537519e-08,5.24296810850304e-02,5.24296928131745e-02,5.24072878689701e-02,lamp_kernel
1.084156e+01,10161,1.17175115659433e-08,5.24296732536490e-02,5.24296849711606e-02,5.24073284824068e-02,lamp_kernel
1.086291e+01,10181,1.17067999631931e-08,5.24296654647476e-02,5.24296771715475e-02,5.24073689354150e-02,lamp_kernel
1.088424e+01,10201,1.16956756550403e-08,5.24296577180170e-02,5.24296694136927e-02,5.24074092289375e-02,lamp_kernel
1.090558e+01,10221,1.16837577175974e-08,5.24296500131498e-02,5.24296616969075e-02,5.24074493639094e-02,lamp_kernel
1.092692e+01,10241,1.16709703670945e-08,5.24296423498351e-02,5.24296540208055e-02,5.24074893412586e-02,lamp_kernel
1.094827e+01,10261,1.16578421159244e-08,5.24296347277637e-02,5.24296463856058e-02,5.24075291619058e-02,lamp_kernel
1.096963e+01,10281,1.16453570110859e-08,5.24296271466314e-02,5.24296387919884e-02,5.24075688267647e-02,lamp_kernel
1.099097e+01,10301,1.16335047655522e-08,5.24296196061361e-02,5.24296312396409e-02,5.24076083367418e-02,lamp_kernel
1.101231e+01,10321,1.16216879668946e-08,5.24296121059928e-02,5.24296237276808e-02,5.24076476927369e-02,lamp_kernel
1.103367e+01,10341,1.16096394119255e-08,5.24296046459135e-02,5.24296162555530e-02,5.24076868956426e-02,lamp_kernel
1.105501e+01,10361,1.15969691993326e-08,5.24295972256170e-02,5.24296088225862e-02,5.24077259463449e-02,lamp_kernel
1.107634e+01,10381,1.15835831320587e-08,5.24295898448104e-02,5.24296014283935e-02,5.24077648457230e-02,lamp_kernel
1.109769e+01,10401,1.15696396954105e-08,5.24295825032058e-02,5.24295940728455e-02,5.24078035946494e-02,lamp_kernel
1.111903e+01,10421,1.15553121336639e-08,5.24295752005108e-02,5.24295867558229e-02,5.24078421906746e-02,lamp_kernel
1.114037e+01,10441,1.15411694305765e-08,5.24295679364457e-02,5.24295794776151e-02,5.24078806027940e-02,lamp_kernel
1.116170e+01,10461,1.15272888803530e-08,5.24295607107373e-02,5.24295722380262e-02,5.24079188672951e-02,lamp_kernel
1.118304e+01,10481,1.15138793696013e-08,5.24295535231228e-02,5.24295650370021e-02,5.24079569850224e-02,lamp_kernel
1.120437e+01,10501,1.15001061094760e-08,5.24295463733398e-02,5.24295578734459e-02,5.24079949568138e-02,lamp_kernel
1.122569e+01,10521,1.14857182928665e-08,5.24295392611242e-02,5.24295507468425e-02,5.24080327835011e-02,lamp_kernel
1.124703e+01,10541,1.14707903014082e-08,5.24295321862068e-02,5.24295436569971e-02,5.24080704659098e-02,lamp_kernel
1.126836e+01,10561,1.14554388592113e-08,5.24295251483112e-02,5.24295366037501e-02,5.24081080048590e-02,lamp_kernel
1.128970e+01,10581,1.14410744379343e-08,5.24295181471723e-02,5.24295295882467e-02,5.24081454011617e-02,lamp_kernel
1.131104e+01,10601,1.14272927018573e-08,5.24295111825252e-02,5.24295226098179e-02,5.24081826556249e-02,lamp_kernel
1.133239e+01,10621,1.14137760300501e-08,5.24295042541220e-02,5.24295156678980e-02,5.24082197690494e-02,lamp_kernel
1.135371e+01,10641,1.14002436209402e-08,5.24294973617209e-02,5.24295087619646e-02,5.24082567422302e-02,lamp_kernel
1.137507e+01,10661,1.13862772322685e-08,5.24294905050826e-02,5.24295018913598e-02,5.24082935759564e-02,lamp_kernel
1.139642e+01,10681,1.13718745391194e-08,5.24294836839588e-02,5.24294950558334e-02,5.24083302710111e-02,lamp_kernel
1.141775e+01,10701,1.13568919055314e-08,5.24294768980967e-02,5.24294882549886e-02,5.24083668281717e-02,lamp_kernel
1.143909e+01,10721,1.13414933563084e-08,5.24294701472418e-02,5.24294814887352e-02,5.24084032482097e-02,lamp_kernel
1.155530e+01,10741,1.13265795660894e-08,5.24294634311412e-02,5.24294747577207e-02,5.24084395318909e-02,lamp_kernel
1.157666e+01,10761,1.13121208713344e-08,5.24294567495554e-02,5.24294680616763e-02,5.24084756799756e-02,lamp_kernel
1.159801e+01,10781,1.12976957782016e-08,5.24294501022541e-02,5.24294613999498e-02,5.24085116932182e-02,lamp_kernel
1.161935e+01,10801,1.12833608591285e-08,5.24294434890133e-02,5.24294547723741e-02,5.24085475723679e-02,lamp_kernel
1.164068e+01,10821,1.12685529998235e-08,5.24294369096126e-02,5.24294481781656e-02,5.24085833181682e-02,lamp_kernel
1.166198e+01,10841,1.12534765365589e-08,5.24294303638215e-02,5.24294416172981e-02,5.24086189313572e-02,lamp_kernel
1.168331e+01,10861,1.12379642121686e-08,5.24294238514027e-02,5.24294350893669e-02,5.24086544126676e-02,lamp_kernel
1.170462e+01,10881,1.12222284525998e-08,5.24294173721174e-02,5.24294285943458e-02,5.24086897628268e-02,lamp_kernel
1.172592e+01,10901,1.12064721500754e-08,5.24294109257329e-02,5.24294221322050e-02,5.24087249825566e-02,lamp_kernel
1.174722e+01,10921,1.11907503511724e-08,5.24294045120241e-02,5.24294157027744e-02,5.24087600725739e-02,lamp_kernel
1.176851e+01,10941,1.11753313257400e-08,5.24293981307801e-02,5.24294093061114e-02,5.24087950335902e-02,lamp_kernel
1.178981e+01,10961,1.11602003019760e-08,5.24293917817934e-02,5.24294029419937e-02,5.24088298663120e-02,lamp_kernel
1.181109e+01,10981,1.11446539514451e-08,5.24293854648571e-02,5.24293966095110e-02,5.24088645714404e-02,lamp_kernel
1.183239e+01,11001,1.11285587359471e-08,5.24293791797566e-02,5.24293903083153e-02,5.24088991496718e-02,lamp_kernel
1.185369e+01,11021,1.11120182250538e-08,5.24293729262737e-02,5.24293840382919e-02,5.24089336016975e-02,lamp_kernel
1.187500e+01,11041,1.10952871994308e-08,5.24293667041811e-02,5.24293777994684e-02,5.24089679282034e-02,lamp_kernel
1.189629e+01,11061,1.10785702332271e-08,5.24293605132666e-02,5.24293715918368e-02,5.24090021298710e-02,lamp_kernel
1.191759e+01,11081,1.10618012887759e-08,5.24293543533197e-02,5.24293654151210e-02,5.24090362073765e-02,lamp_kernel
1.193886e+01,11101,1.10449052165526e-08,5.24293482241434e-02,5.24293592690486e-02,5.24090701613915e-02,lamp_kernel
1.196017e+01,11121,1.10278924502464e-08,5.24293421255447e-02,5.24293531534372e-02,5.24091039925828e-02,lamp_kernel
1.198147e+01,11141,1.10110055643041e-08,5.24293360573289e-02,5.24293470683345e-02,5.24091377016124e-02,lamp_kernel
1.200277e+01,11161,1.09942402542826e-08,5.24293300192998e-02,5.24293410135401e-02,5.24091712891376e-02,lamp_kernel
1.202409e+01,11181,1.09781648030185e-08,5.24293240112496e-02,5.24293349894144e-02,5.24092047558109e-02,lamp_kernel
1.204538e+01,11201,1.09621701927620e-08,5.24293180329722e-02,5.24293289951424e-02,5.24092381022802e-02,lamp_kernel
1.206666e+01,11221,1.09460688449245e-08,5.24293120842655e-02,5.24293230303344e-02,5.24092713291890e-02,lamp_kernel
1.208796e+01,11241,1.09297781917085e-08,5.24293061649371e-02,5.24293170947153e-02,5.24093044371761e-02,lamp_kernel
1.210926e+01,11261,1.09132368185353e-08,5.24293002747998e-02,5.24293111880366e-02,5.24093374268756e-02,lamp_kernel
1.213056e+01,11281,1.08971138395152e-08,5.24292944136742e-02,5.24293053107880e-02,5.24093702989176e-02,lamp_kernel
1.215187e+01,11301,1.08810097858331e-08,5.24292885813778e-02,5.24292994623876e-02,5.24094030539273e-02,lamp_kernel
1.217317e+01,11321,1.08650000982728e-08,5.24292827777279e-02,5.24292936427280e-02,5.24094356925258e-02,lamp_kernel
1.219447e+01,11341,1.08495235757130e-08,5.24292770025295e-02,5.24292878520531e-02,5.24094682153298e-02,lamp_kernel
1.221578e+01,11361,1.08349223601072e-08,5.24292712555936e-02,5.24292820905160e-02,5.24095006229515e-02,lamp_kernel
1.223710e+01,11381,1.08201508471531e-08,5.24292655367309e-02,5.24292763568818e-02,5.24095329159990e-02,lamp_kernel
1.225841e+01,11401,1.08051604559630e-08,5.24292598457651e-02,5.24292706509255e-02,5.24095650950759e-02,lamp_kernel
1.227972e+01,11421,1.07898777027430e-08,5.24292541825166e-02,5.24292649723943e-02,5.24095971607822e-02,lamp_kernel
1.230105e+01,11441,1.07741791161510e-08,5.24292485468180e-02,5.24292593209972e-02,5.24096291137131e-02,lamp_kernel
1.232237e+01,11461,1.07583865882191e-08,5.24292429384993e-02,5.24292536968859e-02,5.24096609544600e-02,lamp_kernel
1.234368e+01,11481,1.07425499622314e-08,5.24292373573869e-02,5.24292480999368e-02,5.24096926836100e-02,lamp_kernel
1.236499e+01,11501,1.07266932762558e-08,5.24292318033017e-02,5.24292425299950e-02,5.24097243017463e-02,lamp_kernel
1.238631e+01,11521,1.07107929221842e-08,5.24292262760662e-02,5.24292369868591e-02,5.24097558094480e-02,lamp_kernel
1.240764e+01,11541,1.06947516174786e-08,5.24292207755075e-02,5.24292314702591e-02,5.24097872072901e-02,lamp_kernel
1.242897e+01,11561,1.06789270814988e-08,5.24292153014585e-02,5.24292259803856e-02,5.24098184958440e-02,lamp_kernel
1.245029e+01,11581,1.06628922520859e-08,5.24292098537520e-02,5.24292205166443e-02,5.24098496756768e-02,lamp_kernel
1.247162e+01,11601,1.06465513433252e-08,5.24292044322324e-02,5.24292150787838e-02,5.24098807473519e-02,lamp_kernel
1.249292e+01,11621,1.06300139914639e-08,5.24291990367351e-02,5.24292096667491e-02,5.24099117114288e-02,lamp_kernel
1.251422e+01,11641,1.06131290294369e-08,5.24291936670984e-02,5.24292042802275e-02,5.24099425684632e-02,lamp_kernel
1.253550e+01,11661,1.05960441371441e-08,5.24291883231562e-02,5.24291989192004e-02,5.24099733190069e-02,lamp_kernel
1.255681e+01,11681,1.05788530231830e-08,5.24291830047441e-02,5.24291935835971e-02,5.24100039636081e-02,lamp_kernel
1.257813e+01,11701,1.05615017471282e-08,5.24291777117010e-02,5.24291882732027e-02,5.24100345028111e-02,lamp_kernel
1.259946e+01,11721,1.05443403098969e-08,5.24291724438696e-02,5.24291829882099e-02,5.24100649371568e-02,lamp_kernel
1.262078e+01,11741,1.05268997975382e-08,5.24291672010981e-02,5.24291777279979e-02,5.24100952671820e-02,lamp_kernel
1.264208e+01,11761,1.05090843883121e-08,5.24291619832333e-02,5.24291724923177e-02,5.24101254934203e-02,lamp_kernel
1.266339e+01,11781,1.04908789454806e-08,5.24291567901250e-02,5.24291672810040e-02,5.24101556164015e-02,lamp_kernel
1.268470e+01,11801,1.04723815198755e-08,5.24291516216190e-02,5.24291620940005e-02,5.24101855975678e-02,lamp_kernel
1.270599e+01,11821,1.04537006080874e-08,5.24291464775588e-02,5.24291569312594e-02,5.24102154738274e-02,lamp_kernel
1.272730e+01,11841,1.04349831714244e-08,5.24291413577929e-02,5.24291517927761e-02,5.24102452483857e-02,lamp_kernel
1.274860e+01,11861,1.04161198277861e-08,5.24291362621691e-02,5.24291466782889e-02,5.24102749217619e-02,lamp_kernel
1.276990e+01,11881,1.03970181211023e-08,5.24291311905439e-02,5.24291415875620e-02,5.24103044944718e-02,lamp_kernel
1.279122e+01,11901,1.03776036185147e-08,5.24291261427727e-02,5.24291365203763e-02,5.24103339670275e-02,lamp_kernel
1.281252e+01,11921,1.03579296305147e-08,5.24291211187160e-02,5.24291314766457e-02,5.24103633399382e-02,lamp_kernel
1.283384e+01,11941,1.03382748784875e-08,5.24291161182281e-02,5.24291264565030e-02,5.24103926137091e-02,lamp_kernel
1.285514e+01,11961,1.03193590216476e-08,5.24291111411621e-02,5.24291214605212e-02,5.24104217888423e-02,lamp_kernel
1.287643e+01,11981,1.03008542365976e-08,5.24291061873743e-02,5.24291164882285e-02,5.24104508658365e-02,lamp_kernel
1.289773e+01,12001,1.02822210277499e-08,5.24291012567212e-02,5.24291115389423e-02,5.24104798451871e-02,lamp_kernel
1.291903e+01,12021,1.02635300662608e-08,5.24290963490607e-02,5.24291066125908e-02,5.24105087273862e-02,lamp_kernel
1.294031e+01,12041,1.02446332414849e-08,5.24290914642587e-02,5.24291017088919e-02,5.24105375129226e-02,lamp_kernel
1.296158e+01,12061,1.02257181280005e-08,5.24290866021820e-02,5.24290968279002e-02,5.24105662022819e-02,lamp_kernel
1.298287e+01,12081,1.02066830735058e-08,5.24290817626998e-02,5.24290919693828e-02,5.24105947959465e-02,lamp_kernel
1.300416e+01,12101,1.01874392242052e-08,5.24290769456730e-02,5.24290871331122e-02,5.24106232943955e-02,lamp_kernel
1.302544e+01,12121,1.01679913669864e-08,5.24290721509641e-02,5.24290823189555e-02,5.24106516981048e-02,lamp_kernel
1.304672e+01,12141,1.01483742532736e-08,5.24290673784389e-02,5.24290775268131e-02,5.24106800075474e-02,lamp_kernel
1.306799e+01,12161,1.01286293492886e-08,5.24290626279576e-02,5.24290727565869e-02,5.24107082231931e-02,lamp_kernel
1.308929e+01,12181,1.01087858770843e-08,5.24290578993935e-02,5.24290680081794e-02,5.24107363455083e-02,lamp_kernel
1.311057e+01,12201,1.00887979460259e-08,5.24290531926168e-02,5.24290632814147e-02,5.24107643749568e-02,lamp_kernel
1.313187e+01,12221,1.00687324144919e-08,5.24290485075051e-02,5.24290585762375e-02,5.24107923119990e-02,lamp_kernel
1.315316e+01,12241,1.00486956953128e-08,5.24290438439326e-02,5.24290538926283e-02,5.24108201570926e-02,lamp_kernel
1.317445e+01,12261,1.00285454845437e-08,5.24290392017743e-02,5.24290492303198e-02,5.24108479106921e-02,lamp_kernel
1.319572e+01,12281,1.00082629718757e-08,5.24290345808982e-02,5.24290445891612e-02,5.24108755732489e-02,lamp_kernel
1.321701e+01,12301,9.98823700255631e-09,5.24290299811763e-02,5.24290399694133e-02,5.24109031452119e-02,lamp_kernel
1.323830e+01,12321,9.96866804642445e-09,5.24290254024811e-02,5.24290353711492e-02,5.24109306270265e-02,lamp_kernel
1.325958e+01,12341,9.94898924283527e-09,5.24290208446857e-02,5.24290307936749e-02,5.24109580191357e-02,lamp_kernel
1.328087e+01,12361,9.92909863096718e-09,5.24290163076736e-02,5.24290262367722e-02,5.24109853219794e-02,lamp_kernel
1.330217e+01,12381,9.90920188738564e-09,5.24290117913277e-02,5.24290217005296e-02,5.24110125359946e-02,lamp_kernel
1.332345e+01,12401,9.88921345045382e-09,5.24290072955340e-02,5.24290171847474e-02,5.24110396616156e-02,lamp_kernel
1.334473e+01,12421,9.86913011743724e-09,5.24290028201702e-02,5.24290126893003e-02,5.24110666992740e-02,lamp_kernel
1.336601e+01,12441,9.84911434094224e-09,5.24289983651178e-02,5.24290082142322e-02,5.24110936493982e-02,lamp_kernel
1.338729e+01,12461,9.82900961899782e-09,5.24289939302543e-02,5.24290037592640e-02,5.24111205124143e-02,lamp_kernel
1.340856e+01,12481,9.80875475798042e-09,5.24289895154568e-02,5.24289993242116e-02,5.24111472887453e-02,lamp_kernel
1.342984e+01,12501,9.78834636357058e-09,5.24289851206087e-02,5.24289949089551e-02,5.24111739788117e-02,lamp_kernel
1.345111e+01,12521,9.76867747359875e-09,5.24289807455983e-02,5.24289905142758e-02,5.24112005830313e-02,lamp_kernel
1.347240e+01,12541,9.74940798728968e-09,5.24289763903150e-02,5.24289861397230e-02,5.24112271018191e-02,lamp_kernel
1.349367e+01,12561,9.73007384841805e-09,5.24289720546514e-02,5.24289817847253e-02,5.24112535355876e-02,lamp_kernel
1.351495e+01,12581,9.71066219409827e-09,5.24289677384965e-02,5.24289774491586e-02,5.24112798847464e-02,lamp_kernel
1.353626e+01,12601,9.69130899095315e-09,5.24289634417347e-02,5.24289731330437e-02,5.24113061497027e-02,lamp_kernel
1.355756e+01,12621,9.67216443470543e-09,5.24289591642544e-02,5.24289688364188e-02,5.24113323308612e-02,lamp_kernel
1.357885e+01,12641,9.65304690015886e-09,5.24289549059407e-02,5.24289645589876e-02,5.24113584286237e-02,lamp_kernel
1.360015e+01,12661,9.63389129373160e-09,5.24289506666805e-02,5.24289603005718e-02,5.24113844433898e-02,lamp_kernel
1.362145e+01,12681,9.61479229880827e-09,5.24289464463692e-02,5.24289560611615e-02,5.24114103755563e-02,lamp_kernel
1.364274e+01,12701,9.59549798762102e-09,5.24289422449004e-02,5.24289518403984e-02,5.24114362255177e-02,lamp_kernel
1.366403e+01,12721,9.57619984704757e-09,5.24289380621739e-02,5.24289476383738e-02,5.24114619936657e-02,lamp_kernel
1.368532e+01,12741,9.55684203010132e-09,5.24289338980859e-02,5.24289434549279e-02,5.24114876803898e-02,lamp_kernel
1.370661e+01,12761,9.53741285475750e-09,5.24289297525304e-02,5.24289392899432e-02,5.24115132860771e-02,lamp_kernel
1.372792e+01,12781,9.51819665932058e-09,5.24289256253979e-02,5.24289351435945e-02,5.24115388111119e-02,lamp_kernel
1.374919e+01,12801,9.49911164265172e-09,5.24289215165840e-02,5.24289310156956e-02,5.24115642558765e-02,lamp_kernel
1.377049e+01,12821,9.47986970757356e-09,5.24289174259822e-02,5.24289269058519e-02,5.24115896207503e-02,lamp_kernel
1.379179e+01,12841,9.46056759115213e-09,5.24289133534920e-02,5.24289228140596e-02,5.24116149061110e-02,lamp_kernel
1.381310e+01,12861,9.44138094121039e-09,5.24289092990155e-02,5.24289187403964e-02,5.24116401123333e-02,lamp_kernel
1.383439e+01,12881,9.42241009612026e-09,5.24289052624514e-02,5.24289146848615e-02,5.24116652397899e-02,lamp_kernel
1.385570e+01,12901,9.40365930901564e-09,5.24289012437067e-02,5.24289106473660e-02,5.24116902888510e-02,lamp_kernel
1.387701e+01,12921,9.38487807960096e-09,5.24288972426796e-02,5.24289066275576e-02,5.24117152598847e-02,lamp_kernel
1.389830e+01,12941,9.36605868901837e-09,5.24288932592697e-02,5.24289026253284e-02,5.24117401532566e-02,lamp_kernel
1.391958e+01,12961,9.34718563080646e-09,5.24288892933783e-02,5.24288986405639e-02,5.24117649693301e-02,lamp_kernel
1.394088e+01,12981,9.32820877676060e-09,5.24288853449051e-02,5.24288946731139e-02,5.24117897084664e-02,lamp_kernel
1.396216e+01,13001,9.30908059960298e-09,5.24288814137534e-02,5.24288907228340e-02,5.24118143710243e-02,lamp_kernel
1.398345e+01,13021,9.28983763589060e-09,5.24288774998317e-02,5.24288867896693e-02,5.24118389573606e-02,lamp_kernel
1.400473e+01,13041,9.27065441680116e-09,5.24288736030461e-02,5.24288828737005e-02,5.24118634678297e-02,lamp_kernel
1.402601e+01,13061,9.25162034756503e-09,5.24288697233036e-02,5.24288789749239e-02,5.24118879027838e-02,lamp_kernel
1.404728e+01,13081,9.23260251580140e-09,5.24288658605115e-02,5.24288750931140e-02,5.24119122625732e-02,lamp_kernel
1.406857e+01,13101,9.21365179683752e-09,5.24288620145768e-02,5.24288712282286e-02,5.24119365475458e-02,lamp_kernel
1.408987e+01,13121,9.19463772462176e-09,5.24288581854032e-02,5.24288673800409e-02,5.24119607580473e-02,lamp_kernel
1.411117e+01,13141,9.17563591687328e-09,5.24288543728983e-02,5.24288635485342e-02,5.24119848944215e-02,lamp_kernel
1.413245e+01,13161,9.15652627640560e-09,5.24288505769730e-02,5.24288597334992e-02,5.24120089570100e-02,lamp_kernel
1.415374e+01,13181,9.13729190343990e-09,5.24288467975358e-02,5.24288559348277e-02,5.24120329461521e-02,lamp_kernel
1.417503e+01,13201,9.11797975311839e-09,5.24288430345009e-02,5.24288521524806e-02,5.24120568621854e-02,lamp_kernel
1.419630e+01,13221,9.09860339774004e-09,5.24288392877794e-02,5.24288483863828e-02,5.24120807054452e-02,lamp_kernel
1.421760e+01,13241,9.07923933480123e-09,5.24288355572851e-02,5.24288446365245e-02,5.24121044762647e-02,lamp_kernel
1.423889e+01,13261,9.06003821200212e-09,5.24288318429270e-02,5.24288409029652e-02,5.24121281749753e-02,lamp_kernel
1.426017e+01,13281,9.04114282291311e-09,5.24288281446185e-02,5.24288371857613e-02,5.24121518019062e-02,lamp_kernel
1.428146e+01,13301,9.02222698515247e-09,5.24288244622700e-02,5.24288334844970e-02,5.24121753573847e-02,lamp_kernel
c_index=-0.05242882446227,Sw=0.0,Smin=0.05242882446227,Smax=0.05242882446227,Nw=69,pairs=190
