time(s),iter,infeas,ot_objective,dual
2.358550e-04,1,9.42973220863768e-01,1.56267890966920e-225,-4.82086705318854e+00,sinkhorn_cellsim
9.718968e-03,21,9.42973220863768e-01,2.10333559980299e-157,7.62253225043965e+01,sinkhorn_cellsim
1.909246e-02,41,9.42973220863768e-01,2.73796538086309e-77,1.57271512061982e+02,sinkhorn_cellsim
2.846930e-02,61,9.34970053314626e-01,4.58429471366045e-04,2.37674334982859e+02,sinkhorn_cellsim
3.786172e-02,81,9.05940043789508e-01,2.62250546902095e-03,3.11504628763204e+02,sinkhorn_cellsim
4.723017e-02,101,8.69796048159525e-01,7.37990655136434e-03,3.69970859694439e+02,sinkhorn_cellsim
5.660449e-02,121,8.36172730968246e-01,1.17905029732998e-02,4.13261765509466e+02,sinkhorn_cellsim
6.599031e-02,141,8.21450221430625e-01,1.55856802557006e-02,4.47850524703264e+02,sinkhorn_cellsim
7.536671e-02,161,8.09791034565055e-01,1.70782338211314e-02,4.78048283981869e+02,sinkhorn_cellsim
8.473747e-02,181,8.02916260289078e-01,1.81503867951278e-02,5.05867225821430e+02,sinkhorn_cellsim
9.413099e-02,201,7.94779030964501e-01,1.89925834943287e-02,5.31554206925731e+02,sinkhorn_cellsim
1.035052e-01,221,7.89561362236679e-01,1.99920455300006e-02,5.55868814919964e+02,sinkhorn_cellsim
1.128852e-01,241,7.84611521243860e-01,2.03612494795490e-02,5.78840103084459e+02,sinkhorn_cellsim
1.222513e-01,261,7.82958047540831e-01,2.13782876202037e-02,6.01048924594323e+02,sinkhorn_cellsim
1.316134e-01,281,7.81593877253890e-01,2.17015511757885e-02,6.22805606481780e+02,sinkhorn_cellsim
1.409793e-01,301,7.81145197972052e-01,2.18963004507450e-02,6.44181934467732e+02,sinkhorn_cellsim
1.503349e-01,321,7.76433664518643e-01,2.21914386230526e-02,6.65286698487138e+02,sinkhorn_cellsim
1.596996e-01,341,7.74421799507636e-01,2.28007955482280e-02,6.85938490362417e+02,sinkhorn_cellsim
1.690536e-01,361,7.59298046276880e-01,2.35585030093208e-02,7.05942698786136e+02,sinkhorn_cellsim
1.784060e-01,381,7.50235797831899e-01,2.40901786194439e-02,7.25162405512781e+02,sinkhorn_cellsim
1.877438e-01,401,7.41493191325776e-01,2.45621349293216e-02,7.44013046085327e+02,sinkhorn_cellsim
1.970934e-01,421,7.27770853900227e-01,2.50891360666669e-02,7.62383742180887e+02,sinkhorn_cellsim
2.064374e-01,441,7.12980227586216e-01,2.55970246867470e-02,7.80074172857835e+02,sinkhorn_cellsim
2.157769e-01,461,6.88584114241968e-01,2.68198938679181e-02,7.97152216624958e+02,sinkhorn_cellsim
2.251216e-01,481,6.68642327546879e-01,2.75178441572224e-02,8.13410087695775e+02,sinkhorn_cellsim
2.344696e-01,501,6.46318412497093e-01,2.83261168848753e-02,8.29111976182497e+02,sinkhorn_cellsim
2.438091e-01,521,6.32113939312929e-01,2.93317394906712e-02,8.44215456687306e+02,sinkhorn_cellsim
2.531664e-01,541,6.23245811502410e-01,3.00079127066806e-02,8.58705596138569e+02,sinkhorn_cellsim
2.625290e-01,561,6.01819306549631e-01,3.15196667704946e-02,8.72491897159779e+02,sinkhorn_cellsim
2.718786e-01,581,5.83631005098599e-01,3.28273632736501e-02,8.85544106399038e+02,sinkhorn_cellsim
2.812197e-01,601,5.72493700950681e-01,3.35507250428614e-02,8.97969746585369e+02,sinkhorn_cellsim
2.905470e-01,621,5.68195777817823e-01,3.40036285217940e-02,9.10069051764602e+02,sinkhorn_cellsim
2.998923e-01,641,5.61201606590226e-01,3.45923087116463e-02,9.21934881198385e+02,sinkhorn_cellsim
3.092276e-01,661,5.50761381032289e-01,3.53943300898227e-02,9.33460048410632e+02,sinkhorn_cellsim
3.185676e-01,681,5.37680886606751e-01,3.63627649791039e-02,9.44550930451489e+02,sinkhorn_cellsim
3.278987e-01,701,5.32527748081823e-01,3.69158275405778e-02,9.55265746589169e+02,sinkhorn_cellsim
3.372221e-01,721,5.22035272339406e-01,4.08178387806420e-02,9.65500230961573e+02,sinkhorn_cellsim
3.465397e-01,741,5.11261845251855e-01,4.24804436257912e-02,9.74952122839256e+02,sinkhorn_cellsim
3.558501e-01,761,4.98465021166452e-01,4.33092232532972e-02,9.83967561369050e+02,sinkhorn_cellsim
3.651621e-01,781,4.81499541956757e-01,4.42615145373192e-02,9.92571982168840e+02,sinkhorn_cellsim
3.744875e-01,801,4.76383730588573e-01,4.45356844375535e-02,1.00074029511159e+03,sinkhorn_cellsim
3.837885e-01,821,4.69629816456827e-01,4.54460446985188e-02,1.00865411801101e+03,sinkhorn_cellsim
3.930767e-01,841,4.59615140042771e-01,4.64263771936144e-02,1.01606426029817e+03,sinkhorn_cellsim
4.023778e-01,861,4.39417046207399e-01,4.73850548868206e-02,1.02299867572078e+03,sinkhorn_cellsim
4.116654e-01,881,4.37095964366781e-01,4.79034223615733e-02,1.02951414220798e+03,sinkhorn_cellsim
4.209610e-01,901,4.26807759379514e-01,4.86592707908325e-02,1.03572858353012e+03,sinkhorn_cellsim
4.302566e-01,921,4.12792967342695e-01,4.96102012488326e-02,1.04157479707368e+03,sinkhorn_cellsim
4.395465e-01,941,4.03640774035989e-01,5.03178977475038e-02,1.04715867374180e+03,sinkhorn_cellsim
4.488331e-01,961,3.93885198658470e-01,5.11414034866470e-02,1.05247970601688e+03,sinkhorn_cellsim
4.581105e-01,981,3.86688868924330e-01,5.18486825108841e-02,1.05760755773093e+03,sinkhorn_cellsim
4.673832e-01,1001,3.71377097944492e-01,5.27614381215293e-02,1.06245951985084e+03,sinkhorn_cellsim
4.766543e-01,1021,3.60569855021063e-01,5.33023095501345e-02,1.06709006020209e+03,sinkhorn_cellsim
4.859201e-01,1041,3.50775313382781e-01,5.40512084779902e-02,1.07156145217910e+03,sinkhorn_cellsim
4.951748e-01,1061,3.43316782574164e-01,5.46861446234311e-02,1.07585771584075e+03,sinkhorn_cellsim
5.044188e-01,1081,3.37853158587138e-01,5.51618114650393e-02,1.07997975980332e+03,sinkhorn_cellsim
5.136556e-01,1101,3.31643783027029e-01,5.57013255736316e-02,1.08392847332809e+03,sinkhorn_cellsim
5.228878e-01,1121,3.23074371889316e-01,5.64819194628902e-02,1.08762917182048e+03,sinkhorn_cellsim
5.321160e-01,1141,3.14174096637131e-01,5.72051852770381e-02,1.09111946577315e+03,sinkhorn_cellsim
5.413421e-01,1161,3.02729729240437e-01,5.82180434972695e-02,1.09437062105436e+03,sinkhorn_cellsim
5.505684e-01,1181,2.94650763536369e-01,5.89419531725935e-02,1.09735223165856e+03,sinkhorn_cellsim
5.597865e-01,1201,2.85967163883541e-01,5.99288004985242e-02,1.10006567407377e+03,sinkhorn_cellsim
5.689973e-01,1221,2.74790275690207e-01,6.07792726098998e-02,1.10257435092830e+03,sinkhorn_cellsim
5.782066e-01,1241,2.65415585742725e-01,6.15836909954320e-02,1.10488323248978e+03,sinkhorn_cellsim
5.874184e-01,1261,2.54576149704336e-01,6.24027994934355e-02,1.10700802027366e+03,sinkhorn_cellsim
5.966302e-01,1281,2.42812973144195e-01,6.32795905583699e-02,1.10896334438119e+03,sinkhorn_cellsim
6.058362e-01,1301,2.34405625844861e-01,6.38990575679256e-02,1.11076898165384e+03,sinkhorn_cellsim
6.150426e-01,1321,2.29390761255122e-01,6.42481764480599e-02,1.11250684678467e+03,sinkhorn_cellsim
6.242435e-01,1341,2.21789884593172e-01,6.49383641469397e-02,1.11410032575180e+03,sinkhorn_cellsim
6.334439e-01,1361,2.15334852489818e-01,6.54112187538290e-02,1.11555204518621e+03,sinkhorn_cellsim
6.426388e-01,1381,2.07549278225068e-01,6.59346913367713e-02,1.11691790244403e+03,sinkhorn_cellsim
6.518268e-01,1401,1.99814876867872e-01,6.64958488608042e-02,1.11819535051570e+03,sinkhorn_cellsim
6.610147e-01,1421,1.93830048240466e-01,6.68954934252196e-02,1.11940131823316e+03,sinkhorn_cellsim
6.701927e-01,1441,1.85574624094900e-01,6.74071301379388e-02,1.12052562228431e+03,sinkhorn_cellsim
6.793743e-01,1461,1.78841314971143e-01,6.77530330687414e-02,1.12159214035706e+03,sinkhorn_cellsim
6.885404e-01,1481,1.70516766101258e-01,6.82484043781879e-02,1.12259564428442e+03,sinkhorn_cellsim
6.977086e-01,1501,1.64385259524467e-01,6.86456950176356e-02,1.12354637324638e+03,sinkhorn_cellsim
7.068694e-01,1521,1.58773306441841e-01,6.89674037673504e-02,1.12443161202078e+03,sinkhorn_cellsim
7.160399e-01,1541,1.54080363604108e-01,6.93607040950406e-02,1.12527691766155e+03,sinkhorn_cellsim
7.252012e-01,1561,1.48992766077479e-01,6.96940762630305e-02,1.12608146681766e+03,sinkhorn_cellsim
7.343586e-01,1581,1.42894796225851e-01,6.99791175813100e-02,1.12685368574324e+03,sinkhorn_cellsim
7.435176e-01,1601,1.37528836157271e-01,7.03351771747886e-02,1.12759442068778e+03,sinkhorn_cellsim
7.526778e-01,1621,1.30664442304115e-01,7.07395982799688e-02,1.12829319985802e+03,sinkhorn_cellsim
7.618327e-01,1641,1.25734393118409e-01,7.11148419998544e-02,1.12894951044791e+03,sinkhorn_cellsim
7.709799e-01,1661,1.21771989729601e-01,7.13744924386008e-02,1.12956194703625e+03,sinkhorn_cellsim
7.801299e-01,1681,1.19191550559757e-01,7.15990391781339e-02,1.13014569533365e+03,sinkhorn_cellsim
7.892805e-01,1701,1.15176631751135e-01,7.20128259872698e-02,1.13067897773663e+03,sinkhorn_cellsim
7.984364e-01,1721,1.09418246479161e-01,7.24541581525745e-02,1.13115670030404e+03,sinkhorn_cellsim
8.075772e-01,1741,1.05015006301762e-01,7.27086549313073e-02,1.13160066378579e+03,sinkhorn_cellsim
8.167268e-01,1761,1.01768986717819e-01,7.28840805024361e-02,1.13202673216029e+03,sinkhorn_cellsim
8.258698e-01,1781,9.93295069297024e-02,7.31375829784417e-02,1.13243031812014e+03,sinkhorn_cellsim
8.350084e-01,1801,9.40438369135307e-02,7.34321456517737e-02,1.13276384010291e+03,sinkhorn_cellsim
8.441498e-01,1821,8.99039513228737e-02,7.36053556960634e-02,1.13307055513598e+03,sinkhorn_cellsim
8.533017e-01,1841,8.74993257474267e-02,7.37261077830764e-02,1.13336741291434e+03,sinkhorn_cellsim
8.624610e-01,1861,8.53196007080082e-02,7.38424584367683e-02,1.13365470360973e+03,sinkhorn_cellsim
8.716154e-01,1881,8.22656405761397e-02,7.41122477670622e-02,1.13392819268327e+03,sinkhorn_cellsim
8.807787e-01,1901,7.96120980402344e-02,7.43132993650635e-02,1.13418439513904e+03,sinkhorn_cellsim
8.899375e-01,1921,7.69965009605399e-02,7.44850318928678e-02,1.13443028845249e+03,sinkhorn_cellsim
8.990975e-01,1941,7.27122694684653e-02,7.46685528464344e-02,1.13465536353500e+03,sinkhorn_cellsim
9.082637e-01,1961,6.92237347002064e-02,7.48104118114780e-02,1.13486636996597e+03,sinkhorn_cellsim
9.174259e-01,1981,6.65436411390189e-02,7.48980058345537e-02,1.13506752638172e+03,sinkhorn_cellsim
9.265923e-01,2001,6.45945457616459e-02,7.49623976825661e-02,1.13526148312665e+03,sinkhorn_cellsim
9.357577e-01,2021,6.28419654530614e-02,7.50407126311154e-02,1.13544788594472e+03,sinkhorn_cellsim
9.449334e-01,2041,6.10781807432408e-02,7.51695132876401e-02,1.13562258857462e+03,sinkhorn_cellsim
9.540976e-01,2061,6.00045711413694e-02,7.52370452846186e-02,1.13578923840197e+03,sinkhorn_cellsim
9.632653e-01,2081,5.88226443849216e-02,7.53081571743040e-02,1.13595109782982e+03,sinkhorn_cellsim
9.790575e-01,2101,5.76037064228038e-02,7.53871772141967e-02,1.13610838274110e+03,sinkhorn_cellsim
9.882990e-01,2121,5.67033452824224e-02,7.54359918049678e-02,1.13625987154800e+03,sinkhorn_cellsim
9.974796e-01,2141,5.52276285973667e-02,7.55154602261253e-02,1.13640777632278e+03,sinkhorn_cellsim
1.006635e+00,2161,5.40305540344205e-02,7.55670306267349e-02,1.13655234856685e+03,sinkhorn_cellsim
1.015779e+00,2181,5.26979124062211e-02,7.57449712574261e-02,1.13668854571746e+03,sinkhorn_cellsim
1.024926e+00,2201,5.18781355874220e-02,7.58043518531459e-02,1.13681304267069e+03,sinkhorn_cellsim
1.034071e+00,2221,5.11795666581790e-02,7.58237982460829e-02,1.13693326696438e+03,sinkhorn_cellsim
1.043223e+00,2241,4.99133191300432e-02,7.59432393952814e-02,1.13705081860778e+03,sinkhorn_cellsim
1.052365e+00,2261,4.91412111433386e-02,7.60593351760625e-02,1.13715976023548e+03,sinkhorn_cellsim
1.061516e+00,2281,4.83167095772666e-02,7.61033621878934e-02,1.13726221042581e+03,sinkhorn_cellsim
1.070655e+00,2301,4.69177056287552e-02,7.61671814221242e-02,1.13735906440235e+03,sinkhorn_cellsim
1.079798e+00,2321,4.59115664433129e-02,7.62102371775160e-02,1.13745184949587e+03,sinkhorn_cellsim
1.088936e+00,2341,4.51028253934019e-02,7.62517626873412e-02,1.13754170008415e+03,sinkhorn_cellsim
1.098080e+00,2361,4.42376806968354e-02,7.63014368301490e-02,1.13762849257882e+03,sinkhorn_cellsim
1.107227e+00,2381,4.32975457103402e-02,7.63438482843001e-02,1.13771329924330e+03,sinkhorn_cellsim
1.116371e+00,2401,4.21983110500491e-02,7.63938312469686e-02,1.13779623132321e+03,sinkhorn_cellsim
1.125515e+00,2421,4.10810074587907e-02,7.64488282556611e-02,1.13787725768570e+03,sinkhorn_cellsim
1.134657e+00,2441,4.00416332825882e-02,7.65113207310858e-02,1.13795441318658e+03,sinkhorn_cellsim
1.143800e+00,2461,3.91395809176256e-02,7.65729326639371e-02,1.13802521741599e+03,sinkhorn_cellsim
1.152938e+00,2481,3.83728910900743e-02,7.66230722507250e-02,1.13809401087712e+03,sinkhorn_cellsim
1.162074e+00,2501,3.77108028869623e-02,7.66639952806077e-02,1.13816164628541e+03,sinkhorn_cellsim
1.171210e+00,2521,3.69563159463703e-02,7.67040117562815e-02,1.13822816806989e+03,sinkhorn_cellsim
1.180337e+00,2541,3.58845046812267e-02,7.67550297694674e-02,1.13829302127676e+03,sinkhorn_cellsim
1.189460e+00,2561,3.47966957255205e-02,7.68097228830850e-02,1.13835554056364e+03,sinkhorn_cellsim
1.198586e+00,2581,3.39598390120258e-02,7.68498071814466e-02,1.13841677062001e+03,sinkhorn_cellsim
1.207704e+00,2601,3.31805080239936e-02,7.68817065788003e-02,1.13847699817255e+03,sinkhorn_cellsim
1.216809e+00,2621,3.24589230574569e-02,7.69088793229444e-02,1.13853634041981e+03,sinkhorn_cellsim
1.225915e+00,2641,3.16157759103974e-02,7.69383756026873e-02,1.13859468900350e+03,sinkhorn_cellsim
1.235016e+00,2661,3.07941647913145e-02,7.69652891721967e-02,1.13865181743411e+03,sinkhorn_cellsim
1.244122e+00,2681,3.01636960502936e-02,7.69804361632166e-02,1.13870732480060e+03,sinkhorn_cellsim
1.253224e+00,2701,2.95472237042923e-02,7.70043777755926e-02,1.13876093373826e+03,sinkhorn_cellsim
1.262327e+00,2721,2.88109947349164e-02,7.70415096711773e-02,1.13881346822942e+03,sinkhorn_cellsim
1.271430e+00,2741,2.74657485038619e-02,7.71346811905015e-02,1.13886239903393e+03,sinkhorn_cellsim
1.280530e+00,2761,2.64936110595870e-02,7.72002535332056e-02,1.13890839620916e+03,sinkhorn_cellsim
1.289627e+00,2781,2.54830549236266e-02,7.72403173580648e-02,1.13895147078536e+03,sinkhorn_cellsim
1.298722e+00,2801,2.47241918347732e-02,7.72590592641451e-02,1.13899341771972e+03,sinkhorn_cellsim
1.307815e+00,2821,2.41085916135648e-02,7.72768321203236e-02,1.13903453377270e+03,sinkhorn_cellsim
1.316910e+00,2841,2.35724679302547e-02,7.72957458829207e-02,1.13907512707208e+03,sinkhorn_cellsim
1.326013e+00,2861,2.30190199102266e-02,7.73155620623113e-02,1.13911525280380e+03,sinkhorn_cellsim
1.335110e+00,2881,2.24396367062613e-02,7.73367373390487e-02,1.13915492205191e+03,sinkhorn_cellsim
1.344214e+00,2901,2.18189493533443e-02,7.73614238943829e-02,1.13919410047992e+03,sinkhorn_cellsim
1.353319e+00,2921,2.11461853677483e-02,7.73898002807744e-02,1.13923267353109e+03,sinkhorn_cellsim
1.362429e+00,2941,2.04762405447276e-02,7.74191807731512e-02,1.13927055619882e+03,sinkhorn_cellsim
1.371532e+00,2961,1.99261536682822e-02,7.74653770789984e-02,1.13930610330250e+03,sinkhorn_cellsim
1.380635e+00,2981,1.93427940040100e-02,7.75318290598427e-02,1.13933615890425e+03,sinkhorn_cellsim
1.389739e+00,3001,1.88389515223730e-02,7.75547291538195e-02,1.13936413831188e+03,sinkhorn_cellsim
1.398843e+00,3021,1.83443691762160e-02,7.75746201231782e-02,1.13939160181338e+03,sinkhorn_cellsim
1.407945e+00,3041,1.79056087368307e-02,7.75927804803360e-02,1.13941869080819e+03,sinkhorn_cellsim
1.417053e+00,3061,1.75209522831596e-02,7.76090672764475e-02,1.13944547964429e+03,sinkhorn_cellsim
1.426158e+00,3081,1.71617209854210e-02,7.76232587504314e-02,1.13947199344892e+03,sinkhorn_cellsim
1.435265e+00,3101,1.68229683978850e-02,7.76353483372723e-02,1.13949822141912e+03,sinkhorn_cellsim
1.444374e+00,3121,1.64926418631563e-02,7.76477781977554e-02,1.13952417955520e+03,sinkhorn_cellsim
1.453478e+00,3141,1.60867352299224e-02,7.76662437600615e-02,1.13954969219652e+03,sinkhorn_cellsim
1.462585e+00,3161,1.56052503620444e-02,7.76908541784928e-02,1.13957403194199e+03,sinkhorn_cellsim
1.471692e+00,3181,1.52690265902272e-02,7.77044348321253e-02,1.13959796310391e+03,sinkhorn_cellsim
1.480803e+00,3201,1.49362602086306e-02,7.77222719118116e-02,1.13962153545912e+03,sinkhorn_cellsim
1.489915e+00,3221,1.44921628030305e-02,7.77588276653835e-02,1.13964331764740e+03,sinkhorn_cellsim
1.499026e+00,3241,1.40570835402728e-02,7.77809609919788e-02,1.13966401783259e+03,sinkhorn_cellsim
1.508135e+00,3261,1.36628972013324e-02,7.78064826370310e-02,1.13968355541110e+03,sinkhorn_cellsim
1.517250e+00,3281,1.33739881894509e-02,7.78205137578729e-02,1.13970218471069e+03,sinkhorn_cellsim
1.526367e+00,3301,1.31542748215483e-02,7.78289232801171e-02,1.13972065150747e+03,sinkhorn_cellsim
1.535482e+00,3321,1.29549215432429e-02,7.78365542353797e-02,1.13973900824392e+03,sinkhorn_cellsim
1.544603e+00,3341,1.27533514110628e-02,7.78439437299371e-02,1.13975726946002e+03,sinkhorn_cellsim
1.553721e+00,3361,1.25229575855319e-02,7.78523829146796e-02,1.13977541049073e+03,sinkhorn_cellsim
1.562843e+00,3381,1.22884689235920e-02,7.78580251899672e-02,1.13979334605414e+03,sinkhorn_cellsim
1.571957e+00,3401,1.21065831593074e-02,7.78552565734347e-02,1.13981090311511e+03,sinkhorn_cellsim
1.581066e+00,3421,1.19506881801401e-02,7.78584375152292e-02,1.13982823350313e+03,sinkhorn_cellsim
1.590168e+00,3441,1.18084608194274e-02,7.78633382117709e-02,1.13984550649779e+03,sinkhorn_cellsim
1.599282e+00,3461,1.16743244001777e-02,7.78681267859524e-02,1.13986273325074e+03,sinkhorn_cellsim
1.608386e+00,3481,1.15462621117026e-02,7.78726524405102e-02,1.13987991076345e+03,sinkhorn_cellsim
1.617501e+00,3501,1.14327393707934e-02,7.78769390443961e-02,1.13989703297449e+03,sinkhorn_cellsim
1.626610e+00,3521,1.13285284136197e-02,7.78810637492568e-02,1.13991409460294e+03,sinkhorn_cellsim
1.635725e+00,3541,1.12307212779063e-02,7.78851281406924e-02,1.13993109501188e+03,sinkhorn_cellsim
1.644834e+00,3561,1.11357623859692e-02,7.78892632477744e-02,1.13994803763633e+03,sinkhorn_cellsim
1.653944e+00,3581,1.10394092431369e-02,7.78941612122992e-02,1.13996492140893e+03,sinkhorn_cellsim
1.663056e+00,3601,1.09048798758414e-02,7.79034993831157e-02,1.13998170318612e+03,sinkhorn_cellsim
1.672171e+00,3621,1.07646554186587e-02,7.79133613280965e-02,1.13999833805127e+03,sinkhorn_cellsim
1.681281e+00,3641,1.06717017762518e-02,7.79199917112033e-02,1.14001487462715e+03,sinkhorn_cellsim
1.690392e+00,3661,1.05446020495949e-02,7.79284405186852e-02,1.14003127779475e+03,sinkhorn_cellsim
1.699496e+00,3681,1.03382985847814e-02,7.79399713904883e-02,1.14004743775364e+03,sinkhorn_cellsim
1.708600e+00,3701,1.02092769692538e-02,7.79558609332793e-02,1.14006321865174e+03,sinkhorn_cellsim
1.717709e+00,3721,1.01200522795864e-02,7.79841860966932e-02,1.14007753515857e+03,sinkhorn_cellsim
1.726824e+00,3741,1.00254587093400e-02,7.79930918355226e-02,1.14009159141392e+03,sinkhorn_cellsim
1.735942e+00,3761,9.86772633332677e-03,7.80032456607126e-02,1.14010552645669e+03,sinkhorn_cellsim
1.745053e+00,3781,9.68948865674043e-03,7.80133664394365e-02,1.14011926704327e+03,sinkhorn_cellsim
1.754162e+00,3801,9.57181870381020e-03,7.80188390294349e-02,1.14013290543661e+03,sinkhorn_cellsim
1.763278e+00,3821,9.40069468746462e-03,7.80268716613510e-02,1.14014637229466e+03,sinkhorn_cellsim
1.772389e+00,3841,9.09108289802167e-03,7.80422752947138e-02,1.14015943163293e+03,sinkhorn_cellsim
1.781501e+00,3861,8.83706585160468e-03,7.80530562011563e-02,1.14017220432415e+03,sinkhorn_cellsim
1.790608e+00,3881,8.63378329324928e-03,7.80653937290943e-02,1.14018479137562e+03,sinkhorn_cellsim
1.799723e+00,3901,8.50405052503027e-03,7.80716982737934e-02,1.14019726689138e+03,sinkhorn_cellsim
1.808829e+00,3921,8.40357032138236e-03,7.80746879458360e-02,1.14020971674321e+03,sinkhorn_cellsim
1.817945e+00,3941,8.32411751440071e-03,7.80771224772546e-02,1.14022215148880e+03,sinkhorn_cellsim
1.827057e+00,3961,8.26568517147599e-03,7.80793805774258e-02,1.14023457450725e+03,sinkhorn_cellsim
1.836171e+00,3981,8.21117531612201e-03,7.80815167934224e-02,1.14024698798096e+03,sinkhorn_cellsim
1.845287e+00,4001,8.16083297420379e-03,7.80835465676988e-02,1.14025939343681e+03,sinkhorn_cellsim
1.854400e+00,4021,8.11471025003440e-03,7.80854989642868e-02,1.14027179172302e+03,sinkhorn_cellsim
1.863507e+00,4041,8.06827965335132e-03,7.80876337590559e-02,1.14028418008814e+03,sinkhorn_cellsim
1.872613e+00,4061,7.98790347042109e-03,7.80921053280495e-02,1.14029652465826e+03,sinkhorn_cellsim
1.881718e+00,4081,7.87374148559315e-03,7.81007247092035e-02,1.14030872170767e+03,sinkhorn_cellsim
1.890824e+00,4101,7.77052395679819e-03,7.81042071183404e-02,1.14032082809078e+03,sinkhorn_cellsim
1.899933e+00,4121,7.71092788461275e-03,7.81053563141842e-02,1.14033291984522e+03,sinkhorn_cellsim
1.909036e+00,4141,7.68554283517900e-03,7.81063887526402e-02,1.14034500621438e+03,sinkhorn_cellsim
1.918147e+00,4161,7.66619858993806e-03,7.81075811095301e-02,1.14035708235391e+03,sinkhorn_cellsim
1.927256e+00,4181,7.64467657079290e-03,7.81104517324035e-02,1.14036902482711e+03,sinkhorn_cellsim
1.936365e+00,4201,7.59007706267086e-03,7.81151516534209e-02,1.14038045284407e+03,sinkhorn_cellsim
1.945475e+00,4221,7.52434534641473e-03,7.81171133822947e-02,1.14039161421266e+03,sinkhorn_cellsim
1.954580e+00,4241,7.49724317780995e-03,7.81178981931932e-02,1.14040271143967e+03,sinkhorn_cellsim
1.963690e+00,4261,7.44053666328757e-03,7.81204310429515e-02,1.14041374562667e+03,sinkhorn_cellsim
1.972795e+00,4281,7.29087002550342e-03,7.81293646418675e-02,1.14042455161234e+03,sinkhorn_cellsim
1.981905e+00,4301,7.12881689749414e-03,7.81399989369838e-02,1.14043506372412e+03,sinkhorn_cellsim
1.991010e+00,4321,6.98482860236477e-03,7.81445172774452e-02,1.14044543643880e+03,sinkhorn_cellsim
2.000118e+00,4341,6.90784415423505e-03,7.81459144183400e-02,1.14045577487487e+03,sinkhorn_cellsim
2.009223e+00,4361,6.87588272139092e-03,7.81468003580768e-02,1.14046609992945e+03,sinkhorn_cellsim
2.018329e+00,4381,6.85791851949865e-03,7.81475877430718e-02,1.14047641560822e+03,sinkhorn_cellsim
2.027434e+00,4401,6.84774735135239e-03,7.81483577951641e-02,1.14048672228629e+03,sinkhorn_cellsim
2.036542e+00,4421,6.83712748800290e-03,7.81490374012801e-02,1.14049701363284e+03,sinkhorn_cellsim
2.045653e+00,4441,6.82673019680939e-03,7.81491641080296e-02,1.14050725378055e+03,sinkhorn_cellsim
2.054764e+00,4461,6.81574716799873e-03,7.81485511610206e-02,1.14051739194759e+03,sinkhorn_cellsim
2.063873e+00,4481,6.80404206077968e-03,7.81486727683861e-02,1.14052747293287e+03,sinkhorn_cellsim
2.072984e+00,4501,6.78454535492074e-03,7.81499357930146e-02,1.14053753174034e+03,sinkhorn_cellsim
2.082091e+00,4521,6.70045902072021e-03,7.81548861643559e-02,1.14054751596029e+03,sinkhorn_cellsim
2.091208e+00,4541,6.59675138582931e-03,7.81658830184149e-02,1.14055723714027e+03,sinkhorn_cellsim
2.100314e+00,4561,6.48518894261299e-03,7.81746367960534e-02,1.14056668588383e+03,sinkhorn_cellsim
2.109421e+00,4581,6.37925164368496e-03,7.81790560350765e-02,1.14057605406127e+03,sinkhorn_cellsim
2.118529e+00,4601,6.27555204498927e-03,7.81824248092855e-02,1.14058537808430e+03,sinkhorn_cellsim
2.127631e+00,4621,6.12562503089811e-03,7.81893278733483e-02,1.14059453547416e+03,sinkhorn_cellsim
2.136742e+00,4641,5.94255412730872e-03,7.81997761616014e-02,1.14060335874981e+03,sinkhorn_cellsim
2.145853e+00,4661,5.80540793223459e-03,7.82046407021927e-02,1.14061202137987e+03,sinkhorn_cellsim
2.154964e+00,4681,5.72058862202470e-03,7.82068205249588e-02,1.14062065852972e+03,sinkhorn_cellsim
2.164072e+00,4701,5.64954795648498e-03,7.82088873224447e-02,1.14062927766873e+03,sinkhorn_cellsim
2.173180e+00,4721,5.54684938867306e-03,7.82143365770141e-02,1.14063781816519e+03,sinkhorn_cellsim
2.182291e+00,4741,5.43865989018607e-03,7.82205480924356e-02,1.14064620610524e+03,sinkhorn_cellsim
2.191400e+00,4761,5.35590032632403e-03,7.82221908027303e-02,1.14065454861997e+03,sinkhorn_cellsim
2.200512e+00,4781,5.30893113455047e-03,7.82229742315377e-02,1.14066288338397e+03,sinkhorn_cellsim
2.209627e+00,4801,5.28448982149391e-03,7.82243281460970e-02,1.14067119477423e+03,sinkhorn_cellsim
2.218747e+00,4821,5.24770420954949e-03,7.82286180074256e-02,1.14067937964976e+03,sinkhorn_cellsim
2.227854e+00,4841,5.19751089701656e-03,7.82335097234878e-02,1.14068738834997e+03,sinkhorn_cellsim
2.236964e+00,4861,5.13013764093697e-03,7.82392923192178e-02,1.14069529853927e+03,sinkhorn_cellsim
2.246076e+00,4881,5.06653965127019e-03,7.82488728102728e-02,1.14070304666678e+03,sinkhorn_cellsim
2.255182e+00,4901,5.02857066665273e-03,7.82524049955775e-02,1.14071069977531e+03,sinkhorn_cellsim
2.264294e+00,4921,4.99268706980680e-03,7.82548646793697e-02,1.14071828144336e+03,sinkhorn_cellsim
2.273415e+00,4941,4.95690090928105e-03,7.82585497543263e-02,1.14072568813979e+03,sinkhorn_cellsim
2.282523e+00,4961,4.90116601138538e-03,7.82611294257378e-02,1.14073298339016e+03,sinkhorn_cellsim
2.291633e+00,4981,4.81246677021984e-03,7.82652371570221e-02,1.14074016170530e+03,sinkhorn_cellsim
2.300744e+00,5001,4.73688332329211e-03,7.82675234839429e-02,1.14074717581441e+03,sinkhorn_cellsim
2.309851e+00,5021,4.69570613819563e-03,7.82691082721967e-02,1.14075400165410e+03,sinkhorn_cellsim
2.318959e+00,5041,4.66027510886254e-03,7.82701068587559e-02,1.14076075112843e+03,sinkhorn_cellsim
2.328060e+00,5061,4.62721454889709e-03,7.82707534261159e-02,1.14076747865718e+03,sinkhorn_cellsim
2.337169e+00,5081,4.59763530464765e-03,7.82712273110307e-02,1.14077419006719e+03,sinkhorn_cellsim
2.346280e+00,5101,4.57054461871959e-03,7.82715985146090e-02,1.14078088373033e+03,sinkhorn_cellsim
2.355389e+00,5121,4.54097546663012e-03,7.82722754998656e-02,1.14078754540778e+03,sinkhorn_cellsim
2.364496e+00,5141,4.50358515846411e-03,7.82738496060324e-02,1.14079413055856e+03,sinkhorn_cellsim
2.373596e+00,5161,4.45501519937192e-03,7.82754016597398e-02,1.14080064959238e+03,sinkhorn_cellsim
2.382701e+00,5181,4.41259958634067e-03,7.82780830650447e-02,1.14080709666162e+03,sinkhorn_cellsim
2.391797e+00,5201,4.37579418630201e-03,7.82803183374769e-02,1.14081347478668e+03,sinkhorn_cellsim
2.400891e+00,5221,4.34407064771962e-03,7.82815286578868e-02,1.14081982215668e+03,sinkhorn_cellsim
2.409990e+00,5241,4.31396190995670e-03,7.82827555614242e-02,1.14082609212456e+03,sinkhorn_cellsim
2.419086e+00,5261,4.28397437173281e-03,7.82837328874706e-02,1.14083226364412e+03,sinkhorn_cellsim
2.428189e+00,5281,4.25132608513365e-03,7.82846003054338e-02,1.14083839953638e+03,sinkhorn_cellsim
2.437294e+00,5301,4.18506860194044e-03,7.82883661104059e-02,1.14084447855191e+03,sinkhorn_cellsim
2.446394e+00,5321,4.06002266087593e-03,7.82982748483936e-02,1.14085035771761e+03,sinkhorn_cellsim
2.455489e+00,5341,3.94995053947726e-03,7.83031914583618e-02,1.14085609418681e+03,sinkhorn_cellsim
2.464593e+00,5361,3.88283599617373e-03,7.83044971649398e-02,1.14086180757968e+03,sinkhorn_cellsim
2.473691e+00,5381,3.83796951356126e-03,7.83050530630586e-02,1.14086751643170e+03,sinkhorn_cellsim
2.482791e+00,5401,3.81189658221634e-03,7.83054587091672e-02,1.14087322266030e+03,sinkhorn_cellsim
2.491889e+00,5421,3.79694574829042e-03,7.83060003591608e-02,1.14087892273539e+03,sinkhorn_cellsim
2.500994e+00,5441,3.77484020803324e-03,7.83078602465710e-02,1.14088458278143e+03,sinkhorn_cellsim
2.510094e+00,5461,3.74505562228547e-03,7.83115518348091e-02,1.14089012736486e+03,sinkhorn_cellsim
2.519194e+00,5481,3.69930203837288e-03,7.83156364630312e-02,1.14089557101704e+03,sinkhorn_cellsim
2.528298e+00,5501,3.60305056729276e-03,7.83258784064078e-02,1.14090083208682e+03,sinkhorn_cellsim
2.537404e+00,5521,3.48832567208882e-03,7.83340430447639e-02,1.14090589605783e+03,sinkhorn_cellsim
2.546506e+00,5541,3.38953492829380e-03,7.83395912456838e-02,1.14091083240620e+03,sinkhorn_cellsim
2.555607e+00,5561,3.30114184826362e-03,7.83453191735076e-02,1.14091556430789e+03,sinkhorn_cellsim
2.564715e+00,5581,3.23189351748213e-03,7.83477161855120e-02,1.14092021472343e+03,sinkhorn_cellsim
2.573815e+00,5601,3.18398183333414e-03,7.83489294675296e-02,1.14092485000321e+03,sinkhorn_cellsim
2.582921e+00,5621,3.14987498764076e-03,7.83498616789884e-02,1.14092947745719e+03,sinkhorn_cellsim
2.592021e+00,5641,3.11693842150615e-03,7.83509177748061e-02,1.14093409413995e+03,sinkhorn_cellsim
2.601118e+00,5661,3.07657171156083e-03,7.83537821160235e-02,1.14093865709720e+03,sinkhorn_cellsim
2.610224e+00,5681,3.03444878630846e-03,7.83583399080530e-02,1.14094308064630e+03,sinkhorn_cellsim
2.619325e+00,5701,2.98814577057700e-03,7.83602429495375e-02,1.14094743871728e+03,sinkhorn_cellsim
2.628430e+00,5721,2.94592870976336e-03,7.83614536702747e-02,1.14095178226437e+03,sinkhorn_cellsim
2.637535e+00,5741,2.89915954184348e-03,7.83637935634398e-02,1.14095609163394e+03,sinkhorn_cellsim
2.646640e+00,5761,2.83950852050866e-03,7.83695132851137e-02,1.14096027661708e+03,sinkhorn_cellsim
2.655743e+00,5781,2.78045100893904e-03,7.83735078239635e-02,1.14096436151369e+03,sinkhorn_cellsim
2.664842e+00,5801,2.72802954283253e-03,7.83752043797671e-02,1.14096842387173e+03,sinkhorn_cellsim
2.673943e+00,5821,2.68543142256132e-03,7.83768029503658e-02,1.14097245956929e+03,sinkhorn_cellsim
2.683046e+00,5841,2.63800424892455e-03,7.83799686527411e-02,1.14097640800921e+03,sinkhorn_cellsim
2.692147e+00,5861,2.57155985955635e-03,7.83869560948342e-02,1.14098021137272e+03,sinkhorn_cellsim
2.701247e+00,5881,2.51234977088607e-03,7.83956527592490e-02,1.14098379811786e+03,sinkhorn_cellsim
2.710344e+00,5901,2.46135305309104e-03,7.83978789836591e-02,1.14098731568816e+03,sinkhorn_cellsim
2.719452e+00,5921,2.41872434983904e-03,7.83981700406433e-02,1.14099082406504e+03,sinkhorn_cellsim
2.728555e+00,5941,2.38048623689885e-03,7.83983191439204e-02,1.14099432854424e+03,sinkhorn_cellsim
2.737665e+00,5961,2.34623752986429e-03,7.83985530668878e-02,1.14099783029189e+03,sinkhorn_cellsim
2.746765e+00,5981,2.31470169028259e-03,7.83988702410233e-02,1.14100132985991e+03,sinkhorn_cellsim
2.755870e+00,6001,2.28525946667327e-03,7.83992463821504e-02,1.14100482758982e+03,sinkhorn_cellsim
2.764976e+00,6021,2.25785987240091e-03,7.83996606327483e-02,1.14100832371848e+03,sinkhorn_cellsim
2.774075e+00,6041,2.23231127856723e-03,7.84001047983032e-02,1.14101181830390e+03,sinkhorn_cellsim
2.783177e+00,6061,2.20682357013693e-03,7.84006558367044e-02,1.14101530996021e+03,sinkhorn_cellsim
2.792279e+00,6081,2.17624215262523e-03,7.84021898981251e-02,1.14101878278343e+03,sinkhorn_cellsim
2.801378e+00,6101,2.13549449077328e-03,7.84088617569081e-02,1.14102213353379e+03,sinkhorn_cellsim
2.810478e+00,6121,2.08076773817338e-03,7.84163596146379e-02,1.14102527527430e+03,sinkhorn_cellsim
2.819580e+00,6141,2.03168056316013e-03,7.84195353627999e-02,1.14102833956935e+03,sinkhorn_cellsim
2.828684e+00,6161,1.99011821995696e-03,7.84240697104219e-02,1.14103127505795e+03,sinkhorn_cellsim
2.837785e+00,6181,1.94816740007035e-03,7.84302258880649e-02,1.14103398777194e+03,sinkhorn_cellsim
2.846885e+00,6201,1.90513524323991e-03,7.84333112030599e-02,1.14103660981357e+03,sinkhorn_cellsim
2.855991e+00,6221,1.86541063193828e-03,7.84348787606584e-02,1.14103921262550e+03,sinkhorn_cellsim
2.865099e+00,6241,1.82933183327953e-03,7.84359388279406e-02,1.14104180627677e+03,sinkhorn_cellsim
2.874194e+00,6261,1.79802858195175e-03,7.84367775135506e-02,1.14104439317080e+03,sinkhorn_cellsim
2.883300e+00,6281,1.77032285087799e-03,7.84378798783678e-02,1.14104696334110e+03,sinkhorn_cellsim
2.892400e+00,6301,1.74604458702650e-03,7.84410457954672e-02,1.14104944606243e+03,sinkhorn_cellsim
2.901499e+00,6321,1.72372427899472e-03,7.84445734374856e-02,1.14105179116081e+03,sinkhorn_cellsim
2.910595e+00,6341,1.70176665292581e-03,7.84477144800499e-02,1.14105407658682e+03,sinkhorn_cellsim
2.919701e+00,6361,1.67953409601137e-03,7.84518200887257e-02,1.14105628335958e+03,sinkhorn_cellsim
2.928801e+00,6381,1.66010558398007e-03,7.84531164288125e-02,1.14105845946864e+03,sinkhorn_cellsim
2.937901e+00,6401,1.64323437981512e-03,7.84535731088523e-02,1.14106063025697e+03,sinkhorn_cellsim
2.947004e+00,6421,1.62741732113268e-03,7.84548354303321e-02,1.14106277623514e+03,sinkhorn_cellsim
2.956109e+00,6441,1.61239294162703e-03,7.84601713377253e-02,1.14106479144735e+03,sinkhorn_cellsim
2.965206e+00,6461,1.59801453164355e-03,7.84668949788967e-02,1.14106662430870e+03,sinkhorn_cellsim
2.974310e+00,6481,1.58554540228840e-03,7.84699710411984e-02,1.14106840765288e+03,sinkhorn_cellsim
2.983416e+00,6501,1.57361832210002e-03,7.84713643274202e-02,1.14107018149366e+03,sinkhorn_cellsim
2.992519e+00,6521,1.56270498542062e-03,7.84722199010071e-02,1.14107195046537e+03,sinkhorn_cellsim
3.001621e+00,6541,1.55258568865676e-03,7.84728498397243e-02,1.14107371625008e+03,sinkhorn_cellsim
3.010721e+00,6561,1.54297614646209e-03,7.84733528345289e-02,1.14107547981312e+03,sinkhorn_cellsim
3.019824e+00,6581,1.53377013030047e-03,7.84737714983605e-02,1.14107724175684e+03,sinkhorn_cellsim
3.028926e+00,6601,1.52501563075047e-03,7.84741293611527e-02,1.14107900247426e+03,sinkhorn_cellsim
3.038027e+00,6621,1.51678305937708e-03,7.84744413325379e-02,1.14108076223139e+03,sinkhorn_cellsim
3.047129e+00,6641,1.50899592973132e-03,7.84747175679534e-02,1.14108252121424e+03,sinkhorn_cellsim
3.056236e+00,6661,1.50159910743166e-03,7.84749652837926e-02,1.14108427955687e+03,sinkhorn_cellsim
3.065344e+00,6681,1.49479473223071e-03,7.84751897586843e-02,1.14108603735858e+03,sinkhorn_cellsim
3.074450e+00,6701,1.48836559015660e-03,7.84753949462140e-02,1.14108779469477e+03,sinkhorn_cellsim
3.083558e+00,6721,1.48223210908607e-03,7.84755839234828e-02,1.14108955162305e+03,sinkhorn_cellsim
3.092663e+00,6741,1.47630230257729e-03,7.84757597810698e-02,1.14109130817724e+03,sinkhorn_cellsim
3.101764e+00,6761,1.47054891023839e-03,7.84759326238372e-02,1.14109306425456e+03,sinkhorn_cellsim
3.110870e+00,6781,1.46499858962806e-03,7.84761917423253e-02,1.14109481838307e+03,sinkhorn_cellsim
3.119977e+00,6801,1.45972884072619e-03,7.84772836579874e-02,1.14109655689801e+03,sinkhorn_cellsim
3.129078e+00,6821,1.45458617675937e-03,7.84805782615025e-02,1.14109823264972e+03,sinkhorn_cellsim
3.138188e+00,6841,1.44922422233689e-03,7.84828042692889e-02,1.14109986099257e+03,sinkhorn_cellsim
3.147297e+00,6861,1.44399977703759e-03,7.84836072989487e-02,1.14110148214900e+03,sinkhorn_cellsim
3.156402e+00,6881,1.43949602180671e-03,7.84839346138184e-02,1.14110310201710e+03,sinkhorn_cellsim
3.165501e+00,6901,1.43577656469231e-03,7.84840984514572e-02,1.14110472134047e+03,sinkhorn_cellsim
3.174597e+00,6921,1.43227762891400e-03,7.84842021584654e-02,1.14110634030780e+03,sinkhorn_cellsim
3.183706e+00,6941,1.42878626823090e-03,7.84842814756956e-02,1.14110795897763e+03,sinkhorn_cellsim
3.192810e+00,6961,1.42529418974409e-03,7.84843484749252e-02,1.14110957735071e+03,sinkhorn_cellsim
3.201916e+00,6981,1.42174034918285e-03,7.84844062580079e-02,1.14111119537412e+03,sinkhorn_cellsim
3.211021e+00,7001,1.41798013508147e-03,7.84844534917489e-02,1.14111281291299e+03,sinkhorn_cellsim
3.220122e+00,7021,1.41373990795176e-03,7.84844849377735e-02,1.14111442968640e+03,sinkhorn_cellsim
3.229222e+00,7041,1.40861526997988e-03,7.84844900724275e-02,1.14111604515518e+03,sinkhorn_cellsim
3.238328e+00,7061,1.40274189664231e-03,7.84844513488851e-02,1.14111765836806e+03,sinkhorn_cellsim
3.247429e+00,7081,1.39571160008427e-03,7.84843459585704e-02,1.14111926786557e+03,sinkhorn_cellsim
3.256529e+00,7101,1.38848993200850e-03,7.84841582915288e-02,1.14112087192402e+03,sinkhorn_cellsim
3.265629e+00,7121,1.38170501791189e-03,7.84839026605428e-02,1.14112246939388e+03,sinkhorn_cellsim
3.274731e+00,7141,1.37311528412969e-03,7.84836292149460e-02,1.14112406059057e+03,sinkhorn_cellsim
3.283839e+00,7161,1.36328763598211e-03,7.84833916000901e-02,1.14112564709189e+03,sinkhorn_cellsim
3.292937e+00,7181,1.35356661813965e-03,7.84832144302369e-02,1.14112723064669e+03,sinkhorn_cellsim
3.302042e+00,7201,1.34405741753255e-03,7.84830952031363e-02,1.14112881247612e+03,sinkhorn_cellsim
3.311154e+00,7221,1.33476312164216e-03,7.84830211701650e-02,1.14113039325939e+03,sinkhorn_cellsim
3.320267e+00,7241,1.32647458985005e-03,7.84829797697131e-02,1.14113197334501e+03,sinkhorn_cellsim
3.329373e+00,7261,1.31856775414165e-03,7.84829615814685e-02,1.14113355291050e+03,sinkhorn_cellsim
3.338481e+00,7281,1.31088429703935e-03,7.84829607695797e-02,1.14113513201636e+03,sinkhorn_cellsim
3.347584e+00,7301,1.30314206583767e-03,7.84829795612191e-02,1.14113671039322e+03,sinkhorn_cellsim
3.356690e+00,7321,1.29276286593823e-03,7.84830691092901e-02,1.14113828546352e+03,sinkhorn_cellsim
3.365796e+00,7341,1.27160018584734e-03,7.84836198799688e-02,1.14113983761301e+03,sinkhorn_cellsim
3.374906e+00,7361,1.23565440313436e-03,7.84861948646409e-02,1.14114126200055e+03,sinkhorn_cellsim
3.384006e+00,7381,1.18109756966580e-03,7.84896225550269e-02,1.14114240802042e+03,sinkhorn_cellsim
3.393109e+00,7401,1.12285494922069e-03,7.84903408974325e-02,1.14114338915731e+03,sinkhorn_cellsim
3.402214e+00,7421,1.04810328817327e-03,7.84916244531478e-02,1.14114429871743e+03,sinkhorn_cellsim
3.411323e+00,7441,9.58341979492616e-04,7.84949369886330e-02,1.14114511701022e+03,sinkhorn_cellsim
3.420431e+00,7461,8.93576654168970e-04,7.84957129514213e-02,1.14114589093432e+03,sinkhorn_cellsim
3.429537e+00,7481,8.48745092912573e-04,7.84956142693310e-02,1.14114665596381e+03,sinkhorn_cellsim
3.438641e+00,7501,8.16054689525733e-04,7.84954978557265e-02,1.14114741704484e+03,sinkhorn_cellsim
3.447753e+00,7521,7.89969167531101e-04,7.84954338567713e-02,1.14114817554428e+03,sinkhorn_cellsim
3.456858e+00,7541,7.67025629687927e-04,7.84954109987518e-02,1.14114893222248e+03,sinkhorn_cellsim
3.465963e+00,7561,7.46355293770800e-04,7.84954166907988e-02,1.14114968757042e+03,sinkhorn_cellsim
3.475067e+00,7581,7.28059096607635e-04,7.84954463252281e-02,1.14115044187557e+03,sinkhorn_cellsim
3.484177e+00,7601,7.11523059263427e-04,7.84955410310259e-02,1.14115119483224e+03,sinkhorn_cellsim
3.493284e+00,7621,6.96336521424174e-04,7.84961645760662e-02,1.14115194105645e+03,sinkhorn_cellsim
3.502387e+00,7641,6.82351468044035e-04,7.84995649177544e-02,1.14115264481054e+03,sinkhorn_cellsim
3.511496e+00,7661,6.69351615244225e-04,7.85032341065982e-02,1.14115327747333e+03,sinkhorn_cellsim
3.520605e+00,7681,6.57316104488797e-04,7.85038912172251e-02,1.14115389440696e+03,sinkhorn_cellsim
3.529715e+00,7701,6.46242541022193e-04,7.85038803394943e-02,1.14115451029909e+03,sinkhorn_cellsim
3.538824e+00,7721,6.36098940978726e-04,7.85038129882087e-02,1.14115512576697e+03,sinkhorn_cellsim
3.547929e+00,7741,6.26923569886696e-04,7.85037647803283e-02,1.14115574092267e+03,sinkhorn_cellsim
3.557034e+00,7761,6.18701099505882e-04,7.85037397141698e-02,1.14115635582977e+03,sinkhorn_cellsim
3.566138e+00,7781,6.11433268343715e-04,7.85037327744635e-02,1.14115697053078e+03,sinkhorn_cellsim
3.575246e+00,7801,6.04949338478985e-04,7.85037388934624e-02,1.14115758505639e+03,sinkhorn_cellsim
3.584354e+00,7821,5.99181047035861e-04,7.85037541316984e-02,1.14115819943009e+03,sinkhorn_cellsim
3.593461e+00,7841,5.94035394768084e-04,7.85037756015815e-02,1.14115881367064e+03,sinkhorn_cellsim
3.602565e+00,7861,5.89351002754031e-04,7.85038012261983e-02,1.14115942779351e+03,sinkhorn_cellsim
3.611676e+00,7881,5.85205543502576e-04,7.85038295240220e-02,1.14116004181181e+03,sinkhorn_cellsim
3.620779e+00,7901,5.81360001616107e-04,7.85038594436925e-02,1.14116065573674e+03,sinkhorn_cellsim
3.629888e+00,7921,5.77770088836339e-04,7.85038902424911e-02,1.14116126957810e+03,sinkhorn_cellsim
3.638992e+00,7941,5.74454999611494e-04,7.85039213983628e-02,1.14116188334445e+03,sinkhorn_cellsim
3.648099e+00,7961,5.71476454580889e-04,7.85039525466861e-02,1.14116249704335e+03,sinkhorn_cellsim
3.657202e+00,7981,5.68698890973666e-04,7.85039834350145e-02,1.14116311068151e+03,sinkhorn_cellsim
3.666308e+00,8001,5.66123638305807e-04,7.85040138907266e-02,1.14116372426491e+03,sinkhorn_cellsim
3.675417e+00,8021,5.63801995618147e-04,7.85040437979670e-02,1.14116433779887e+03,sinkhorn_cellsim
3.684524e+00,8041,5.61656663187680e-04,7.85040730811959e-02,1.14116495128815e+03,sinkhorn_cellsim
3.693627e+00,8061,5.59638493372224e-04,7.85041016934644e-02,1.14116556473698e+03,sinkhorn_cellsim
3.702727e+00,8081,5.57738978100680e-04,7.85041296080794e-02,1.14116617814917e+03,sinkhorn_cellsim
3.711832e+00,8101,5.55950412688235e-04,7.85041568127285e-02,1.14116679152810e+03,sinkhorn_cellsim
3.720939e+00,8121,5.54266526073025e-04,7.85041833062015e-02,1.14116740487681e+03,sinkhorn_cellsim
3.730037e+00,8141,5.52782541908419e-04,7.85042091057662e-02,1.14116801819782e+03,sinkhorn_cellsim
3.739143e+00,8161,5.51495792589570e-04,7.85042343588084e-02,1.14116863149157e+03,sinkhorn_cellsim
3.748247e+00,8181,5.50282483494389e-04,7.85042605842627e-02,1.14116924473843e+03,sinkhorn_cellsim
3.757352e+00,8201,5.49135583213028e-04,7.85043041889902e-02,1.14116985770283e+03,sinkhorn_cellsim
3.766461e+00,8221,5.48051883899180e-04,7.85045364802806e-02,1.14117046787149e+03,sinkhorn_cellsim
3.784296e+00,8241,5.47027919460798e-04,7.85061785641261e-02,1.14117105480132e+03,sinkhorn_cellsim
3.793451e+00,8261,5.46124452931567e-04,7.85096731656689e-02,1.14117157408637e+03,sinkhorn_cellsim
3.802559e+00,8281,5.45430322037684e-04,7.85111218374840e-02,1.14117205914564e+03,sinkhorn_cellsim
3.811659e+00,8301,5.44870113458802e-04,7.85115719942695e-02,1.14117253971043e+03,sinkhorn_cellsim
3.820763e+00,8321,5.44409520203112e-04,7.85118189631502e-02,1.14117301896545e+03,sinkhorn_cellsim
3.829859e+00,8341,5.44011170658393e-04,7.85119927245147e-02,1.14117349743844e+03,sinkhorn_cellsim
3.838962e+00,8361,5.43633739351759e-04,7.85121207040464e-02,1.14117397539626e+03,sinkhorn_cellsim
3.848102e+00,8381,5.43275585365003e-04,7.85122144301281e-02,1.14117445300508e+03,sinkhorn_cellsim
3.857201e+00,8401,5.42935399996741e-04,7.85122814889759e-02,1.14117493037289e+03,sinkhorn_cellsim
3.866299e+00,8421,5.42612130977966e-04,7.85123276340847e-02,1.14117540757098e+03,sinkhorn_cellsim
3.875395e+00,8441,5.42304916698247e-04,7.85123576726458e-02,1.14117588464282e+03,sinkhorn_cellsim
3.884495e+00,8461,5.42013033076766e-04,7.85123789448708e-02,1.14117636156929e+03,sinkhorn_cellsim
3.893599e+00,8481,5.41735850420234e-04,7.85124356572326e-02,1.14117683780896e+03,sinkhorn_cellsim
3.902697e+00,8501,5.41472786584139e-04,7.85129363752746e-02,1.14117730763081e+03,sinkhorn_cellsim
3.911790e+00,8521,5.41223158840820e-04,7.85156652978740e-02,1.14117773550659e+03,sinkhorn_cellsim
3.920885e+00,8541,5.40985182660192e-04,7.85183985320610e-02,1.14117809624701e+03,sinkhorn_cellsim
3.929976e+00,8561,5.40748438237799e-04,7.85190172899680e-02,1.14117844105425e+03,sinkhorn_cellsim
3.939073e+00,8581,5.40435088408804e-04,7.85191751029290e-02,1.14117878413403e+03,sinkhorn_cellsim
3.948165e+00,8601,5.39543452309934e-04,7.85192373664023e-02,1.14117912585081e+03,sinkhorn_cellsim
3.957260e+00,8621,5.36119259090351e-04,7.85191639409135e-02,1.14117946175727e+03,sinkhorn_cellsim
3.966357e+00,8641,5.27495461281924e-04,7.85185036582310e-02,1.14117976330741e+03,sinkhorn_cellsim
3.975458e+00,8661,5.13265330834496e-04,7.85172298401445e-02,1.14117996635767e+03,sinkhorn_cellsim
3.984554e+00,8681,4.94575167408229e-04,7.85170405378972e-02,1.14118009988454e+03,sinkhorn_cellsim
3.993655e+00,8701,4.74401710324022e-04,7.85173945706902e-02,1.14118021875771e+03,sinkhorn_cellsim
4.002747e+00,8721,4.54490858802363e-04,7.85178009604056e-02,1.14118033436211e+03,sinkhorn_cellsim
4.011841e+00,8741,4.36471476025897e-04,7.85181797072871e-02,1.14118044863399e+03,sinkhorn_cellsim
4.020939e+00,8761,4.20153990425466e-04,7.85185159996082e-02,1.14118056213657e+03,sinkhorn_cellsim
4.030035e+00,8781,4.05532784485493e-04,7.85188072981108e-02,1.14118067511499e+03,sinkhorn_cellsim
4.039132e+00,8801,3.92636452020272e-04,7.85190557813315e-02,1.14118078770797e+03,sinkhorn_cellsim
4.048230e+00,8821,3.81435858999858e-04,7.85192656995145e-02,1.14118090000669e+03,sinkhorn_cellsim
4.057325e+00,8841,3.71921912595687e-04,7.85194419358357e-02,1.14118101207591e+03,sinkhorn_cellsim
4.066424e+00,8861,3.63653945674650e-04,7.85195892597840e-02,1.14118112396354e+03,sinkhorn_cellsim
4.075523e+00,8881,3.56451785953796e-04,7.85197119966964e-02,1.14118123570579e+03,sinkhorn_cellsim
4.084626e+00,8901,3.50247732360709e-04,7.85198139230847e-02,1.14118134733053e+03,sinkhorn_cellsim
4.093726e+00,8921,3.45102321477884e-04,7.85198982717032e-02,1.14118145885941e+03,sinkhorn_cellsim
4.102819e+00,8941,3.40744246532067e-04,7.85199677827945e-02,1.14118157030943e+03,sinkhorn_cellsim
4.111918e+00,8961,3.37102759579942e-04,7.85200247694161e-02,1.14118168169407e+03,sinkhorn_cellsim
4.121019e+00,8981,3.33928380521908e-04,7.85200711820092e-02,1.14118179302408e+03,sinkhorn_cellsim
4.130119e+00,9001,3.31116646167260e-04,7.85201086663554e-02,1.14118190430813e+03,sinkhorn_cellsim
4.139219e+00,9021,3.28636655896161e-04,7.85201386132093e-02,1.14118201555323e+03,sinkhorn_cellsim
4.148316e+00,9041,3.26578787667167e-04,7.85201621999004e-02,1.14118212676511e+03,sinkhorn_cellsim
4.157415e+00,9061,3.24973729088758e-04,7.85201804248646e-02,1.14118223794848e+03,sinkhorn_cellsim
4.166512e+00,9081,3.23724379153770e-04,7.85201941361453e-02,1.14118234910723e+03,sinkhorn_cellsim
4.175608e+00,9101,3.22764492852856e-04,7.85202040550245e-02,1.14118246024461e+03,sinkhorn_cellsim
4.184709e+00,9121,3.21960283769551e-04,7.85202107955973e-02,1.14118257136334e+03,sinkhorn_cellsim
4.193803e+00,9141,3.21294087443012e-04,7.85202148810900e-02,1.14118268246568e+03,sinkhorn_cellsim
4.202896e+00,9161,3.20725199272418e-04,7.85202167575037e-02,1.14118279355359e+03,sinkhorn_cellsim
4.211985e+00,9181,3.20329465480980e-04,7.85202168050673e-02,1.14118290462869e+03,sinkhorn_cellsim
4.221083e+00,9201,3.19992568974056e-04,7.85202153479297e-02,1.14118301569239e+03,sinkhorn_cellsim
4.230180e+00,9221,3.19745070016929e-04,7.85202126623450e-02,1.14118312674588e+03,sinkhorn_cellsim
4.239276e+00,9241,3.19629078913413e-04,7.85202089836930e-02,1.14118323779016e+03,sinkhorn_cellsim
4.248371e+00,9261,3.19628788961489e-04,7.85202045125216e-02,1.14118334882606e+03,sinkhorn_cellsim
4.257472e+00,9281,3.19628209979114e-04,7.85201994198974e-02,1.14118345985424e+03,sinkhorn_cellsim
4.266565e+00,9301,3.19627052916035e-04,7.85201938522978e-02,1.14118357087506e+03,sinkhorn_cellsim
4.275665e+00,9321,3.19624739846435e-04,7.85201879365528e-02,1.14118368188857e+03,sinkhorn_cellsim
4.284765e+00,9341,3.19620115358499e-04,7.85201817854612e-02,1.14118379289413e+03,sinkhorn_cellsim
4.293859e+00,9361,3.19610870139732e-04,7.85201755054468e-02,1.14118390388989e+03,sinkhorn_cellsim
4.302951e+00,9381,3.19592390752285e-04,7.85201692087592e-02,1.14118401487165e+03,sinkhorn_cellsim
4.312047e+00,9401,3.19555469051140e-04,7.85201630351073e-02,1.14118412583054e+03,sinkhorn_cellsim
4.321145e+00,9421,3.19481758464984e-04,7.85201571922667e-02,1.14118423674852e+03,sinkhorn_cellsim
4.330248e+00,9441,3.19334831802060e-04,7.85201520337529e-02,1.14118434758928e+03,sinkhorn_cellsim
4.339355e+00,9461,3.19042861498405e-04,7.85201482063833e-02,1.14118445828067e+03,sinkhorn_cellsim
4.348453e+00,9481,3.18466157915821e-04,7.85201469205067e-02,1.14118456868087e+03,sinkhorn_cellsim
4.357550e+00,9501,3.17659747288341e-04,7.85201504016381e-02,1.14118467851671e+03,sinkhorn_cellsim
4.366646e+00,9521,3.16396283456416e-04,7.85201624862592e-02,1.14118478728131e+03,sinkhorn_cellsim
4.375750e+00,9541,3.14701331552718e-04,7.85201888736742e-02,1.14118489409926e+03,sinkhorn_cellsim
4.384847e+00,9561,3.11763738519165e-04,7.85202354685425e-02,1.14118499764964e+03,sinkhorn_cellsim
4.393946e+00,9581,3.07673767200517e-04,7.85203028837164e-02,1.14118509638002e+03,sinkhorn_cellsim
4.403043e+00,9601,3.02197530410014e-04,7.85203805045493e-02,1.14118518917359e+03,sinkhorn_cellsim
4.412146e+00,9621,2.95289024327907e-04,7.85204511061704e-02,1.14118527598049e+03,sinkhorn_cellsim
4.421244e+00,9641,2.88188024143016e-04,7.85205031815331e-02,1.14118535757492e+03,sinkhorn_cellsim
4.430342e+00,9661,2.79800429582868e-04,7.85205307639463e-02,1.14118543463540e+03,sinkhorn_cellsim
4.439439e+00,9681,2.68884713504720e-04,7.85205221641053e-02,1.14118550698049e+03,sinkhorn_cellsim
4.448536e+00,9701,2.57377906222457e-04,7.85204537410380e-02,1.14118557316449e+03,sinkhorn_cellsim
4.457638e+00,9721,2.44889787096558e-04,7.85202945945369e-02,1.14118563042274e+03,sinkhorn_cellsim
4.466738e+00,9741,2.29904073702141e-04,7.85200256110036e-02,1.14118567544879e+03,sinkhorn_cellsim
4.475837e+00,9761,2.13162797920736e-04,7.85196670840176e-02,1.14118570641819e+03,sinkhorn_cellsim
4.484936e+00,9781,1.94328820134744e-04,7.85192810984837e-02,1.14118572482742e+03,sinkhorn_cellsim
4.494032e+00,9801,1.76594038939902e-04,7.85189317403628e-02,1.14118573467460e+03,sinkhorn_cellsim
4.503123e+00,9821,1.62472852581995e-04,7.85186501998222e-02,1.14118573986858e+03,sinkhorn_cellsim
4.512235e+00,9841,1.49776745086819e-04,7.85184373748747e-02,1.14118574284925e+03,sinkhorn_cellsim
4.521332e+00,9861,1.37996665094241e-04,7.85182815039828e-02,1.14118574479761e+03,sinkhorn_cellsim
4.530429e+00,9881,1.27410517715997e-04,7.85181694482529e-02,1.14118574622582e+03,sinkhorn_cellsim
4.539526e+00,9901,1.17844118584548e-04,7.85180903966094e-02,1.14118574735800e+03,sinkhorn_cellsim
4.548623e+00,9921,1.09249817733553e-04,7.85180362150678e-02,1.14118574830197e+03,sinkhorn_cellsim
4.557723e+00,9941,1.01822323208494e-04,7.85180009146809e-02,1.14118574911670e+03,sinkhorn_cellsim
4.566824e+00,9961,9.53243190401561e-05,7.85179800710288e-02,1.14118574983826e+03,sinkhorn_cellsim
4.575928e+00,9981,8.94770290766657e-05,7.85179703760944e-02,1.14118575049052e+03,sinkhorn_cellsim
4.585025e+00,10001,8.41564628004389e-05,7.85179693216088e-02,1.14118575109003e+03,sinkhorn_cellsim
4.594123e+00,10021,7.93204407707200e-05,7.85179749799399e-02,1.14118575164860e+03,sinkhorn_cellsim
4.603220e+00,10041,7.49305890935466e-05,7.85179858519486e-02,1.14118575217489e+03,sinkhorn_cellsim
4.612320e+00,10061,7.09247912542554e-05,7.85180007599949e-02,1.14118575267530e+03,sinkhorn_cellsim
4.621420e+00,10081,6.72476727369497e-05,7.85180187713998e-02,1.14118575315467e+03,sinkhorn_cellsim
4.630515e+00,10101,6.38787622510258e-05,7.85180391427151e-02,1.14118575361667e+03,sinkhorn_cellsim
4.639614e+00,10121,6.08289632105817e-05,7.85180612784465e-02,1.14118575406415e+03,sinkhorn_cellsim
4.648715e+00,10141,5.81164347392796e-05,7.85180846999416e-02,1.14118575449932e+03,sinkhorn_cellsim
4.657818e+00,10161,5.57295391018764e-05,7.85181090216079e-02,1.14118575492394e+03,sinkhorn_cellsim
4.666918e+00,10181,5.35480426117732e-05,7.85181339324969e-02,1.14118575533941e+03,sinkhorn_cellsim
4.676018e+00,10201,5.15503620001825e-05,7.85181591818733e-02,1.14118575574686e+03,sinkhorn_cellsim
4.685117e+00,10221,4.97164847943729e-05,7.85181845677864e-02,1.14118575614721e+03,sinkhorn_cellsim
4.694216e+00,10241,4.80409954418058e-05,7.85182099279867e-02,1.14118575654124e+03,sinkhorn_cellsim
4.703316e+00,10261,4.64714303070841e-05,7.85182351326098e-02,1.14118575692957e+03,sinkhorn_cellsim
4.712420e+00,10281,4.50059834144105e-05,7.85182600782778e-02,1.14118575731275e+03,sinkhorn_cellsim
4.721520e+00,10301,4.36626634205282e-05,7.85182846833282e-02,1.14118575769123e+03,sinkhorn_cellsim
4.730618e+00,10321,4.24629968216822e-05,7.85183088838942e-02,1.14118575806541e+03,sinkhorn_cellsim
4.739715e+00,10341,4.13572920096125e-05,7.85183326307497e-02,1.14118575843562e+03,sinkhorn_cellsim
4.748814e+00,10361,4.03093973103521e-05,7.85183558866736e-02,1.14118575880216e+03,sinkhorn_cellsim
4.757906e+00,10381,3.93164354556819e-05,7.85183786243089e-02,1.14118575916529e+03,sinkhorn_cellsim
4.767004e+00,10401,3.83748959469382e-05,7.85184008244040e-02,1.14118575952525e+03,sinkhorn_cellsim
4.776104e+00,10421,3.74759610369781e-05,7.85184224743363e-02,1.14118575988224e+03,sinkhorn_cellsim
4.785200e+00,10441,3.66147520469397e-05,7.85184435669131e-02,1.14118576023645e+03,sinkhorn_cellsim
4.794298e+00,10461,3.57885921243934e-05,7.85184640993706e-02,1.14118576058805e+03,sinkhorn_cellsim
4.803400e+00,10481,3.49966175303832e-05,7.85184840725316e-02,1.14118576093718e+03,sinkhorn_cellsim
4.812499e+00,10501,3.42379601324630e-05,7.85185034901364e-02,1.14118576128398e+03,sinkhorn_cellsim
4.821598e+00,10521,3.35095869030247e-05,7.85185223582501e-02,1.14118576162859e+03,sinkhorn_cellsim
4.830704e+00,10541,3.28103138620698e-05,7.85185406847950e-02,1.14118576197112e+03,sinkhorn_cellsim
4.839807e+00,10561,3.21429149229195e-05,7.85185584791567e-02,1.14118576231168e+03,sinkhorn_cellsim
4.848912e+00,10581,3.15031645724946e-05,7.85185757518523e-02,1.14118576265036e+03,sinkhorn_cellsim
4.858013e+00,10601,3.08877319942156e-05,7.85185925142586e-02,1.14118576298727e+03,sinkhorn_cellsim
4.867112e+00,10621,3.03038735716442e-05,7.85186087783852e-02,1.14118576332248e+03,sinkhorn_cellsim
4.876214e+00,10641,2.97504041398900e-05,7.85186245566835e-02,1.14118576365608e+03,sinkhorn_cellsim
4.885314e+00,10661,2.92189083409423e-05,7.85186398619039e-02,1.14118576398814e+03,sinkhorn_cellsim
4.894421e+00,10681,2.87124483818055e-05,7.85186547069502e-02,1.14118576431873e+03,sinkhorn_cellsim
4.903513e+00,10701,2.82365995514893e-05,7.85186691047926e-02,1.14118576464793e+03,sinkhorn_cellsim
4.912614e+00,10721,2.77813273325752e-05,7.85186830683694e-02,1.14118576497579e+03,sinkhorn_cellsim
4.921714e+00,10741,2.73414498761656e-05,7.85186966105300e-02,1.14118576530237e+03,sinkhorn_cellsim
4.930813e+00,10761,2.69168513715075e-05,7.85187097439631e-02,1.14118576562773e+03,sinkhorn_cellsim
4.939912e+00,10781,2.65054130098535e-05,7.85187224811647e-02,1.14118576595192e+03,sinkhorn_cellsim
4.949010e+00,10801,2.61131442021100e-05,7.85187348344052e-02,1.14118576627500e+03,sinkhorn_cellsim
4.958111e+00,10821,2.57401646780647e-05,7.85187468156848e-02,1.14118576659700e+03,sinkhorn_cellsim
4.967213e+00,10841,2.53835450479144e-05,7.85187584367297e-02,1.14118576691798e+03,sinkhorn_cellsim
4.976319e+00,10861,2.50396082291357e-05,7.85187697089753e-02,1.14118576723798e+03,sinkhorn_cellsim
4.985423e+00,10881,2.47076930395733e-05,7.85187806435474e-02,1.14118576755704e+03,sinkhorn_cellsim
4.994520e+00,10901,2.43852777580818e-05,7.85187912512561e-02,1.14118576787520e+03,sinkhorn_cellsim
5.003618e+00,10921,2.40719914222730e-05,7.85188015426021e-02,1.14118576819249e+03,sinkhorn_cellsim
5.012716e+00,10941,2.37677511630266e-05,7.85188115277702e-02,1.14118576850895e+03,sinkhorn_cellsim
5.021817e+00,10961,2.34722780741362e-05,7.85188212166200e-02,1.14118576882463e+03,sinkhorn_cellsim
5.030916e+00,10981,2.31870135582902e-05,7.85188306187087e-02,1.14118576913953e+03,sinkhorn_cellsim
5.040019e+00,11001,2.29166177879626e-05,7.85188397432795e-02,1.14118576945371e+03,sinkhorn_cellsim
5.049116e+00,11021,2.26558686722679e-05,7.85188485992694e-02,1.14118576976719e+03,sinkhorn_cellsim
5.058221e+00,11041,2.24038636296691e-05,7.85188571953260e-02,1.14118577007999e+03,sinkhorn_cellsim
5.067326e+00,11061,2.21626782102640e-05,7.85188655398011e-02,1.14118577039215e+03,sinkhorn_cellsim
5.076429e+00,11081,2.19393245551422e-05,7.85188736407607e-02,1.14118577070369e+03,sinkhorn_cellsim
5.085530e+00,11101,2.17262011161724e-05,7.85188815059991e-02,1.14118577101463e+03,sinkhorn_cellsim
5.094635e+00,11121,2.15209057451018e-05,7.85188891430402e-02,1.14118577132501e+03,sinkhorn_cellsim
5.103737e+00,11141,2.13232907177472e-05,7.85188965591541e-02,1.14118577163484e+03,sinkhorn_cellsim
5.112843e+00,11161,2.11352886073192e-05,7.85189037613515e-02,1.14118577194414e+03,sinkhorn_cellsim
5.121945e+00,11181,2.09560511357996e-05,7.85189107564042e-02,1.14118577225293e+03,sinkhorn_cellsim
5.131054e+00,11201,2.07815723482876e-05,7.85189175508466e-02,1.14118577256125e+03,sinkhorn_cellsim
5.140154e+00,11221,2.06123394724823e-05,7.85189241509890e-02,1.14118577286909e+03,sinkhorn_cellsim
5.149259e+00,11241,2.04484560510677e-05,7.85189305629207e-02,1.14118577317650e+03,sinkhorn_cellsim
5.158364e+00,11261,2.02937762299788e-05,7.85189367925179e-02,1.14118577348347e+03,sinkhorn_cellsim
5.167465e+00,11281,2.01455623194532e-05,7.85189428454568e-02,1.14118577379003e+03,sinkhorn_cellsim
5.176566e+00,11301,2.00009645633896e-05,7.85189487272150e-02,1.14118577409620e+03,sinkhorn_cellsim
5.185671e+00,11321,1.98596540896247e-05,7.85189544430770e-02,1.14118577440199e+03,sinkhorn_cellsim
5.194772e+00,11341,1.97215580516507e-05,7.85189599981527e-02,1.14118577470741e+03,sinkhorn_cellsim
5.203873e+00,11361,1.95866052793821e-05,7.85189653973712e-02,1.14118577501249e+03,sinkhorn_cellsim
5.212976e+00,11381,1.94555632155008e-05,7.85189706454957e-02,1.14118577531722e+03,sinkhorn_cellsim
5.222080e+00,11401,1.93275648017659e-05,7.85189757471230e-02,1.14118577562164e+03,sinkhorn_cellsim
5.231180e+00,11421,1.92028827382591e-05,7.85189807066995e-02,1.14118577592575e+03,sinkhorn_cellsim
5.240287e+00,11441,1.90821531514223e-05,7.85189855285135e-02,1.14118577622956e+03,sinkhorn_cellsim
5.249389e+00,11461,1.89655493786050e-05,7.85189902167170e-02,1.14118577653309e+03,sinkhorn_cellsim
5.258492e+00,11481,1.88516745471778e-05,7.85189947753164e-02,1.14118577683634e+03,sinkhorn_cellsim
5.267590e+00,11501,1.87404138685201e-05,7.85189992081880e-02,1.14118577713933e+03,sinkhorn_cellsim
5.276689e+00,11521,1.86317095271796e-05,7.85190035190732e-02,1.14118577744207e+03,sinkhorn_cellsim
5.285791e+00,11541,1.85255049414500e-05,7.85190077115988e-02,1.14118577774456e+03,sinkhorn_cellsim
5.294889e+00,11561,1.84217447500287e-05,7.85190117892648e-02,1.14118577804682e+03,sinkhorn_cellsim
5.303990e+00,11581,1.83203748073795e-05,7.85190157554553e-02,1.14118577834886e+03,sinkhorn_cellsim
5.313093e+00,11601,1.82213420796218e-05,7.85190196134514e-02,1.14118577865068e+03,sinkhorn_cellsim
5.322192e+00,11621,1.81245946956886e-05,7.85190233664196e-02,1.14118577895230e+03,sinkhorn_cellsim
5.331296e+00,11641,1.80300818491273e-05,7.85190270174309e-02,1.14118577925372e+03,sinkhorn_cellsim
5.340396e+00,11661,1.79389564280632e-05,7.85190305694538e-02,1.14118577955494e+03,sinkhorn_cellsim
5.349492e+00,11681,1.78524935702925e-05,7.85190340253611e-02,1.14118577985599e+03,sinkhorn_cellsim
5.358596e+00,11701,1.77712949576381e-05,7.85190373879361e-02,1.14118578015686e+03,sinkhorn_cellsim
5.367700e+00,11721,1.76969531346792e-05,7.85190406598739e-02,1.14118578045756e+03,sinkhorn_cellsim
5.376794e+00,11741,1.76258159586864e-05,7.85190438437845e-02,1.14118578075809e+03,sinkhorn_cellsim
5.385898e+00,11761,1.75575058021922e-05,7.85190469421942e-02,1.14118578105847e+03,sinkhorn_cellsim
5.395002e+00,11781,1.74920847423330e-05,7.85190499575522e-02,1.14118578135871e+03,sinkhorn_cellsim
5.404105e+00,11801,1.74297826367824e-05,7.85190528922353e-02,1.14118578165879e+03,sinkhorn_cellsim
5.413206e+00,11821,1.73706287508031e-05,7.85190557485377e-02,1.14118578195874e+03,sinkhorn_cellsim
5.422309e+00,11841,1.73133265296007e-05,7.85190585286918e-02,1.14118578225855e+03,sinkhorn_cellsim
5.431411e+00,11861,1.72575746958748e-05,7.85190612348576e-02,1.14118578255823e+03,sinkhorn_cellsim
5.440509e+00,11881,1.72032057516597e-05,7.85190638691344e-02,1.14118578285779e+03,sinkhorn_cellsim
5.449607e+00,11901,1.71502689176080e-05,7.85190664335481e-02,1.14118578315723e+03,sinkhorn_cellsim
5.458715e+00,11921,1.71002653514501e-05,7.85190689300739e-02,1.14118578345656e+03,sinkhorn_cellsim
5.467820e+00,11941,1.70533331156021e-05,7.85190713606201e-02,1.14118578375577e+03,sinkhorn_cellsim
5.476917e+00,11961,1.70088030048396e-05,7.85190737270460e-02,1.14118578405487e+03,sinkhorn_cellsim
5.486016e+00,11981,1.69667873874214e-05,7.85190760311491e-02,1.14118578435388e+03,sinkhorn_cellsim
5.495116e+00,12001,1.69261056956811e-05,7.85190782746779e-02,1.14118578465278e+03,sinkhorn_cellsim
5.504218e+00,12021,1.68868199564346e-05,7.85190804593227e-02,1.14118578495158e+03,sinkhorn_cellsim
5.513314e+00,12041,1.68486315321533e-05,7.85190825867360e-02,1.14118578525030e+03,sinkhorn_cellsim
5.522410e+00,12061,1.68111896660553e-05,7.85190846585152e-02,1.14118578554892e+03,sinkhorn_cellsim
5.531519e+00,12081,1.67744809630915e-05,7.85190866762077e-02,1.14118578584745e+03,sinkhorn_cellsim
5.540622e+00,12101,1.67384921179340e-05,7.85190886413262e-02,1.14118578614590e+03,sinkhorn_cellsim
5.549722e+00,12121,1.67032099726091e-05,7.85190905553309e-02,1.14118578644427e+03,sinkhorn_cellsim
5.558823e+00,12141,1.66686214709960e-05,7.85190924196495e-02,1.14118578674256e+03,sinkhorn_cellsim
5.567926e+00,12161,1.66347745084852e-05,7.85190942356582e-02,1.14118578704077e+03,sinkhorn_cellsim
c_index=-0.07851909423565817,Sw=0.0,Smin=0.07851909423565817,Smax=0.07851909423565817,Nw=69,pairs=190
