iteration,cross_term_1,cross_term_2,diff,cumsum
1,0.15875629998998975,0.08897426084960962,-0.06978203914038013,-0.06978203914038013
21,0.007699832324970476,0.007255980108522963,-0.00044385221644751335,-0.13814209829211677
41,0.002499322705476946,0.0021426903986751437,-0.00035663230680180224,-0.149414510053053
61,0.0005568867020708522,0.0004227951830855695,-0.00013409151898528273,-0.1547321837619937
81,0.00017502926757795377,0.00010545323706039464,-6.957603051755913e-5,-0.15656982816117027
101,7.288012322833123e-5,4.968559071857896e-5,-2.319453250975227e-5,-0.15729659133670532
121,3.453231170004036e-5,2.7110580865318847e-5,-7.421730834721512e-6,-0.15765750440091292
141,1.896914677293251e-5,1.456490852669117e-5,-4.404238246241339e-6,-0.157863232530341
161,1.2385087163514212e-5,7.3021023554192145e-6,-5.0829848080949975e-6,-0.1579939358802686
181,8.754815968970446e-6,3.67352167351433e-6,-5.0812942954561155e-6,-0.15808479406637496
201,6.292473649443807e-6,2.105403411075452e-6,-4.187070238368355e-6,-0.15815339835405778
221,4.657810864748407e-6,1.3643055844283153e-6,-3.2935052803200916e-6,-0.15820892292617147
241,3.5473479115880126e-6,9.819247852430702e-7,-2.5654231263449426e-6,-0.15825593058538653
261,2.8082792752890544e-6,7.802780430650864e-7,-2.028001232223968e-6,-0.15829713316073335
281,2.214389229251969e-6,6.460183062705142e-7,-1.5683709229814548e-6,-0.1583340987088105
301,1.873422984473546e-6,5.201765904161007e-7,-1.3532463940574453e-6,-0.15836711191021458
321,1.7034451597487018e-6,3.891748536527358e-7,-1.314270306095966e-6,-0.15839753024242195
341,1.8234355868515204e-6,2.773881245134095e-7,-1.5460474623381109e-6,-0.158427287013668
361,1.3859610492943075e-6,1.6641913070001802e-7,-1.2195419185942895e-6,-0.15845714327113555
381,1.2170012535190793e-6,1.0045598742072837e-7,-1.116545266098351e-6,-0.15848160335119332
401,1.0930311336763066e-6,6.243830688833122e-8,-1.0305928267879754e-6,-0.1585021096117538
421,9.884208371763298e-7,4.378213664247482e-8,-9.44638700533855e-7,-0.15852090711126918
441,9.293324027052562e-7,3.7264811461075436e-8,-8.920675912441807e-7,-0.15853837636162743
461,8.594549378795774e-7,3.338561385752303e-8,-8.260693240220544e-7,-0.15855563158683336
481,8.470356772435453e-7,3.193182365684888e-8,-8.151038535866965e-7,-0.15857164926678244
501,6.851407855316371e-7,2.478985091061789e-8,-6.603509346210192e-7,-0.15858631774101498
521,6.287162081581212e-7,1.9634995994162757e-8,-6.090812121639584e-7,-0.15859923297963005
541,5.920652770304472e-7,1.4588611354438228e-8,-5.77476665676009e-7,-0.15861112135900618
561,5.432339019482368e-7,9.753110582039884e-9,-5.334807913661968e-7,-0.1586221858337449
581,5.343940357897075e-7,7.132630280762345e-9,-5.272614055089452e-7,-0.15863296201669969
601,4.849000737150872e-7,4.405937267133281e-9,-4.804941364479539e-7,-0.1586427615425219
621,5.795998002234291e-7,6.294200472578149e-9,-5.733055997508509e-7,-0.1586533833282112
641,4.338303481115695e-7,2.5441684669902148e-9,-4.3128617964457926e-7,-0.15866349183756331
661,4.618393560564875e-7,3.644103318327901e-9,-4.581952527381596e-7,-0.15867193963818216
681,3.5106158358738997e-7,1.4419766169078064e-9,-3.4961960697048215e-7,-0.15867959153053576
701,3.2651128023210155e-7,1.2856488411262575e-9,-3.252256313909753e-7,-0.1586863589962033
721,3.028212447608543e-7,1.0492807447996813e-9,-3.017719640160546e-7,-0.158692606189522
741,2.8768580938511517e-7,8.758002669990037e-10,-2.8681000911811614e-7,-0.15869847100448636
761,2.700773122763488e-7,6.306531071971454e-10,-2.6944665916915166e-7,-0.15870410094330398
781,2.5333592152596335e-7,4.0902624078180255e-10,-2.5292689528518153e-7,-0.15870928900648587
801,2.5422245665920035e-7,6.04746872854291e-10,-2.5361770978634607e-7,-0.15871438495537601
821,2.281802081694166e-7,1.897713329909272e-10,-2.2799043683642567e-7,-0.1587191637861076
841,2.6237812843871366e-7,1.0106181924841086e-9,-2.6136751024622955e-7,-0.15872400534381792
861,2.540163012567936e-7,1.0487369146272741e-9,-2.5296756434216634e-7,-0.1587293691075684
881,1.9665695801326347e-7,1.6003263788265293e-10,-1.9649692537538082e-7,-0.15873389993252782
901,2.1492762079745593e-7,6.787548663333954e-10,-2.1424886593112253e-7,-0.1587379494054184
921,1.699377290868727e-7,6.457117445205521e-11,-1.6987315791242065e-7,-0.15874161358981664
941,1.6377283978954884e-7,8.942624986236918e-11,-1.6368341353968647e-7,-0.15874496246775494
961,1.517505154047642e-7,3.6207975136064016e-11,-1.5171430742962814e-7,-0.15874809407273763
981,1.5019841531831255e-7,1.2081038701617142e-10,-1.500776049312964e-7,-0.15875108381007383
1001,1.4784465354039376e-7,1.1922671990962225e-10,-1.4772542682048415e-7,-0.1587541047979698
1021,1.3496228414238233e-7,6.330282133161633e-11,-1.3489898132105072e-7,-0.1587568736435136
1041,1.510438091144147e-7,3.8505544505366286e-10,-1.5065875366936104e-7,-0.15875972386248366
1061,1.4728891352647565e-7,3.925772185207609e-10,-1.468963363079549e-7,-0.15876280165754775
1081,1.1992886167925876e-7,9.370720694716552e-11,-1.198351544723116e-7,-0.15876548741282612
1101,1.2577784783122417e-7,3.499239174711445e-10,-1.2542792391375303e-7,-0.15876783932798033
1121,1.0513289516801049e-7,2.642983199601631e-11,-1.0510646533601447e-7,-0.15877019999900882
1141,9.976378846622794e-8,1.905777465043989e-11,-9.97447306915775e-8,-0.15877222544451006
1161,9.981569087801881e-8,5.98070754408964e-11,-9.975588380257791e-8,-0.15877422337815086
1181,9.320230220812088e-8,3.7581334793297293e-11,-9.316472087332758e-8,-0.15877616057642516
1201,8.957324595310815e-8,4.76928124780756e-11,-8.952555314063007e-8,-0.158777964379765
1221,9.835141987285793e-8,1.8949985275117167e-10,-9.816192002010675e-8,-0.1587798348862958
1241,9.525351582006907e-8,1.8514004998208746e-10,-9.506837577008698e-8,-0.15878181663496868
1261,8.189220407513177e-8,6.316474192338453e-11,-8.182903933320838e-8,-0.15878359520281662
1281,8.013526101334368e-8,1.200264693782943e-10,-8.001523454396539e-8,-0.15878516202605925
1301,7.338976767781395e-8,3.707267680315286e-11,-7.33526950010108e-8,-0.15878675013480517
1321,7.020989772018257e-8,3.044223895868496e-11,-7.017945548122388e-8,-0.1587881651053467
1341,6.626107143144978e-8,1.8640883485618912e-11,-6.624243054796416e-8,-0.15878953978089505
1361,6.32563490868029e-8,1.7662898114470998e-11,-6.323868618868842e-8,-0.15879081859815677
1381,6.770076107533514e-8,8.463458815154247e-11,-6.76161264871836e-8,-0.15879212293368825
1401,6.872137234973672e-8,1.0613124701995175e-10,-6.861524110271677e-8,-0.1587935105299454
1421,6.066567425551316e-8,4.951971780208721e-11,-6.061615453771107e-8,-0.1587948058710944
1441,5.5779201852295914e-8,2.825497739699179e-11,-5.5750946874898925e-8,-0.15879594282686224
1461,5.6077688367026577e-8,5.084408282127721e-11,-5.60268442842053e-8,-0.15879708487756244
1481,5.149049863980352e-8,1.7813516583603292e-11,-5.147268512321992e-8,-0.15879814963122738
1501,4.779028268523197e-8,4.735428777505561e-12,-4.7785547256454464e-8,-0.1587991381473333
1521,4.8038668402751234e-8,2.048122007998223e-11,-4.801818718267125e-8,-0.15880008809710355
1541,5.122014484176301e-8,6.113884896426143e-11,-5.115900599279875e-8,-0.1588010802242855
1561,4.870324226921658e-8,5.528276989562941e-11,-4.864795949932095e-8,-0.1588020906073766
1581,4.320505115917342e-8,1.8228435108020688e-11,-4.31868227240654e-8,-0.15880300901735311
1601,4.307135473529874e-8,3.4153945960771376e-11,-4.3037200789337974e-8,-0.1588038562010203
1621,4.1079394950027866e-8,2.3021845928200385e-11,-4.1056373104099665e-8,-0.1588047147503426
1641,3.7499523993927494e-8,4.767407160731059e-12,-3.749475658676676e-8,-0.15880549362594384
1661,3.70225433795376e-8,1.0453162106935072e-11,-3.701209021743067e-8,-0.1588062330228424
1681,3.878652323990083e-8,3.211455027250639e-11,-3.875440868962833e-8,-0.15880699015515004
1701,3.7950842694103176e-8,3.325153318821745e-11,-3.791759116091496e-8,-0.15880776644104755
1721,3.41392324727103e-8,1.4814628809667035e-11,-3.412441784390063e-8,-0.15880848633988612
1741,3.2522827932655035e-8,1.3890654230848352e-11,-3.250893727842419e-8,-0.15880914198489138
1761,3.261579177113121e-8,1.6188211473493727e-11,-3.2599603559657713e-8,-0.15880980255483443
1781,2.9539445409912817e-8,3.951884605889416e-12,-2.953549352530693e-8,-0.15881041896857262
1801,2.8921097931861298e-8,6.847875320373203e-12,-2.8914250056540925e-8,-0.15881099936648507
1821,2.994656414810711e-8,1.8825121263219242e-11,-2.992773902684389e-8,-0.15881158715016952
1841,2.9298106275061823e-8,1.9398706104035415e-11,-2.9278707568957787e-8,-0.15881218502315728
1861,2.6808175677290453e-8,9.58091128781923e-12,-2.6798594766002636e-8,-0.15881274490675415
1881,2.5815087714946e-8,9.236622380241234e-12,-2.5805851092565757e-8,-0.15881326489650496
1901,2.5611248699833993e-8,8.783110982796934e-12,-2.5602465588851196e-8,-0.15881378427468765
1921,2.3543161601254495e-8,3.1689815724063637e-12,-2.353999261968209e-8,-0.15881427237427437
1941,2.3269548105981527e-8,6.143425919812909e-12,-2.3263404680061714e-8,-0.15881473761785425
1961,2.3817103449998142e-8,1.2064864774934061e-11,-2.380503858522321e-8,-0.15881520894261483
1981,2.2842922663558113e-8,1.135034504999541e-11,-2.2831572318508116e-8,-0.15881567810758027
2001,2.1196792696284116e-8,5.960717071538469e-12,-2.1190831979212578e-8,-0.1588161170355645
2021,2.0838005443239076e-8,6.604707933715434e-12,-2.083140073530536e-8,-0.1588165341378234
2041,2.017573067951924e-8,4.963289048708041e-12,-2.0170767390470533e-8,-0.15881694773533328
2061,1.8963628794189656e-8,2.751574742487679e-12,-1.896087721944717e-8,-0.15881733625342645
2081,1.898190641210467e-8,5.715149226622558e-12,-1.8976191262878047e-8,-0.1588177142012141
2101,1.9041587912486862e-8,7.595180088189303e-12,-1.9033992732398672e-8,-0.15881809586808354
2121,1.800286591581436e-8,5.976081770535486e-12,-1.7996889834043826e-8,-0.15881846668030414
2141,1.7039499265680892e-8,3.9624433231162296e-12,-1.7035536822357775e-8,-0.15881881531853967
2161,1.6939463712518245e-8,3.677991803145489e-12,-1.69357857207151e-8,-0.1588191544779209
2181,1.605776756940338e-8,2.8500342520538537e-12,-1.6054917535151327e-8,-0.1588194854366516
2201,1.5508148825014183e-8,2.708909318066102e-12,-1.5505439915696118e-8,-0.15881979912718516
2221,1.5598214527725412e-8,4.5962824638519585e-12,-1.559361824526156e-8,-0.15882010989496373
2241,1.5231216484243087e-8,4.8209975586710564e-12,-1.5226395486684416e-8,-0.1588204194167256
2261,1.4392642823253487e-8,3.2204896144447936e-12,-1.4389422333639041e-8,-0.15882071509914678
2281,1.3979694571565214e-8,2.8560573581131897e-12,-1.39768385142071e-8,-0.15882099731163757
2301,1.372673786750505e-8,2.0616539768659346e-12,-1.3724676213528185e-8,-0.1588212753325921
2321,1.3024726170447707e-8,1.8622403058413945e-12,-1.3022863930141866e-8,-0.1588215420066362
2341,1.2864827858339786e-8,2.5681881559608343e-12,-1.2862259670183825e-8,-0.15882179993314552
2361,1.2805652935800465e-8,3.1388184166580984e-12,-1.2802514117383807e-8,-0.15882205713524064
2381,1.2267549216612495e-8,2.795902055258743e-12,-1.2264753314557236e-8,-0.15882230810730777
2401,1.1745754510386537e-8,2.1173920833002373e-12,-1.1743637118303236e-8,-0.1588225473740068
2421,1.1597663127447829e-8,1.609319716871814e-12,-1.1596053807730956e-8,-0.15882278044743137
2441,1.1148314645376593e-8,1.498043328308627e-12,-1.1146816602048284e-8,-0.15882300836121585
2461,1.079458461874746e-8,1.560612672049225e-12,-1.079302400607541e-8,-0.15882322681740307
2481,1.0750682327372485e-8,2.042821856404123e-12,-1.074863950551608e-8,-0.1588234421070325
2501,1.0487445137077907e-8,2.094755719545073e-12,-1.0485350381358362e-8,-0.15882365497804196
2521,1.00294101579532e-8,1.6475950050573703e-12,-1.0027762562948143e-8,-0.15882385978837277
2541,9.80423027993829e-9,1.3750446246063731e-12,-9.802855235313684e-9,-0.15882405744545447
2561,9.597388588333537e-9,9.918930638149402e-13,-9.596396695269722e-9,-0.15882425187986438
2581,9.216210947030066e-9,1.1131345123125108e-12,-9.215097812517754e-9,-0.1588244395688646
2601,9.092012674398031e-9,1.3270183645127409e-12,-9.090685656033518e-9,-0.15882462218251725
2621,8.97850271164457e-9,1.4125045853577235e-12,-8.977090207059211e-9,-0.15882480315176795
2641,8.646295440855402e-9,1.2959879192907031e-12,-8.64499945293611e-9,-0.15882497940539259
2661,8.378451596944106e-9,1.104534120013811e-12,-8.377347062824092e-9,-0.158825149129114
2681,8.25915977778038e-9,7.26140615325928e-13,-8.258433637165054e-9,-0.15882531548951243
2701,7.974181823089487e-9,8.138316508014198e-13,-7.973367991438685e-9,-0.15882547787553952
2721,7.780510069206698e-9,8.973977019929578e-13,-7.779612671504705e-9,-0.1588256349352422
2741,7.708610876819631e-9,9.635883536144034e-13,-7.707647288466017e-9,-0.15882578981345716
2761,7.501341355352387e-9,9.617391045280442e-13,-7.500379616247858e-9,-0.15882594208010883
2781,7.245364565727395e-9,8.592184948408842e-13,-7.244505347232554e-9,-0.15882608925151134
2801,7.127053064885856e-9,6.263883234028935e-13,-7.126426676562453e-9,-0.15882623272229787
2821,6.953453925313922e-9,5.458819322440733e-13,-6.952908043381678e-9,-0.15882637371142103
2841,6.741824185282946e-9,6.432410696837838e-13,-6.741180944213262e-9,-0.158826510353178
2861,6.658364874202781e-9,6.762697334939802e-13,-6.657688604469287e-9,-0.15882664417076836
2881,6.538178843864264e-9,6.701251074715266e-13,-6.537508718756793e-9,-0.1588267762780809
2901,6.32771846269624e-9,6.489498604743961e-13,-6.327069512835765e-9,-0.15882690483462444
2921,6.193080667657447e-9,5.397638688929924e-13,-6.192540903788554e-9,-0.15882702975632576
2941,6.088712237751691e-9,3.6865183678100516e-13,-6.08834358591491e-9,-0.15882715265939962
2961,5.9059353128380575e-9,4.646683222231799e-13,-5.905470644515834e-9,-0.15882727250784828
2981,5.7996678984331e-9,4.872508882285264e-13,-5.799180647544871e-9,-0.15882738932777146
3001,5.7231682613059866e-9,4.65066805333395e-13,-5.722703194500653e-9,-0.15882750459870887
3021,5.56868837498608e-9,4.734728721243812e-13,-5.568214902113956e-9,-0.1588276175322688
3041,5.429199112791232e-9,4.4159446665110906e-13,-5.4287575183245815e-9,-0.1588277272928935
3061,5.351290222528338e-9,2.855778963038439e-13,-5.351004644632034e-9,-0.1588278350545825
3081,5.216648857200438e-9,3.206298008981753e-13,-5.2163282273995395e-9,-0.15882794076294854
3101,5.098586174324378e-9,3.58957053817399e-13,-5.09822721727056e-9,-0.15882804371771797
3121,5.035202783215096e-9,3.337347042234491e-13,-5.034869048510873e-9,-0.15882814500744136
3141,4.929419076330297e-9,3.3361656345187317e-13,-4.9290854597668455e-9,-0.15882824470514859
3161,4.80105491740092e-9,3.411450372152914e-13,-4.800713772363705e-9,-0.1588283418842595
3181,4.7264892277804705e-9,2.452257703540114e-13,-4.726244002010116e-9,-0.15882843704516356
3201,4.634688090965607e-9,2.1310010625868995e-13,-4.634474990859348e-9,-0.158828530708779
3221,4.521815204973423e-9,2.6440615666287595e-13,-4.52155079881676e-9,-0.1588286221569598
3241,4.457011321874377e-9,2.4831153735470526e-13,-4.4567630103370225e-9,-0.15882871184637717
3261,4.384492310968203e-9,2.322907671831001e-13,-4.384260020201019e-9,-0.15882880029642518
3281,4.27756742520862e-9,2.504809001953105e-13,-4.277316944308425e-9,-0.15882888686712035
3301,4.2006400657516895e-9,2.1143441645724663e-13,-4.2004286313352325e-9,-0.15882897152466596
3321,4.135909485525917e-9,1.4750952400731753e-13,-4.135761976001909e-9,-0.15882905490723526
3341,4.040580852463196e-9,1.888058957189499e-13,-4.040392046567477e-9,-0.15882913663015538
3361,3.971810440189002e-9,1.889351436003546e-13,-3.9716215050454014e-9,-0.15882921664650126
3381,3.917411635360821e-9,1.650415059670101e-13,-3.917246593854853e-9,-0.15882929553822625
3401,3.834390918609616e-9,1.7712223858568189e-13,-3.8342137963710306e-9,-0.1588293730499989
3421,3.758441209697872e-9,1.7338026095902239e-13,-3.758267829436913e-9,-0.15882944887991363
3441,3.706196307147333e-9,1.139601612212604e-13,-3.7060823469861116e-9,-0.15882952350023982
3461,3.632267562419271e-9,1.2896159615137635e-13,-3.6321386008231198e-9,-0.15882959688506149
3481,3.563397089964675e-9,1.438825211611011e-13,-3.5632532074435136e-9,-0.1588296687549252
3501,3.5164767518252473e-9,1.2210127864624396e-13,-3.516354650546601e-9,-0.15882973952164006
3521,3.4540706584513453e-9,1.227089475891646e-13,-3.453947949503756e-9,-0.1588298092351884
3541,3.3843976724789637e-9,1.3361274469480673e-13,-3.384264059734269e-9,-0.158829877557652
3561,3.336158321168465e-9,9.603306716531322e-14,-3.3360622881012998e-9,-0.15882994471146394
3581,3.280612122663679e-9,8.623393845978259e-14,-3.2805258887252193e-9,-0.15883001088802798
3601,3.2170114651408987e-9,1.0707604063481946e-13,-3.216904389100264e-9,-0.15883007580988454
3621,3.1721801771442897e-9,9.390824102931688e-14,-3.1720862689032603e-9,-0.15883013965260498
3641,3.1246061637004147e-9,8.52366430945867e-14,-3.12452092705732e-9,-0.15883020262414851
3661,3.0647239697411064e-9,9.75126760151415e-14,-3.064626457065091e-9,-0.15883026448558593
3681,3.0178230149341383e-9,8.192281270082495e-14,-3.0177410921214375e-9,-0.15883032525462396
3701,2.9747031015605567e-9,5.990688406328213e-14,-2.9746431946764932e-9,-0.1588303851781815
3721,2.9200746974664964e-9,7.649533440756277e-14,-2.9199982021320887e-9,-0.1588304441000984
3741,2.876059976471707e-9,7.358786707101647e-14,-2.875986388604636e-9,-0.15883050201039053
3761,2.8376186354631014e-9,6.09437037513721e-14,-2.83755769175935e-9,-0.15883055913893196
3781,2.7883913888049957e-9,6.847122866511571e-14,-2.7883229175763305e-9,-0.15883061538595758
3801,2.7434800887772446e-9,6.7168093738035e-14,-2.7434129206835067e-9,-0.15883067065714665
3821,2.7072855177993207e-9,4.556249002130522e-14,-2.7072399553092995e-9,-0.1588307251486814
3841,2.662565467404395e-9,5.2364677151126565e-14,-2.6625131027272437e-9,-0.15883077883800545
3861,2.6204098853569142e-9,5.717334346668455e-14,-2.6203527120134476e-9,-0.15883083162556336
3881,2.586873563756064e-9,4.568585332572189e-14,-2.5868278779027385e-9,-0.15883088367891665
3901,2.5471450329156407e-9,4.7046998118019886e-14,-2.547097985917523e-9,-0.15883093501379258
3921,2.505823480878624e-9,5.209558599435669e-14,-2.5057713852926296e-9,-0.15883098550965483
3941,2.4730888099757153e-9,3.746082469173716e-14,-2.4730513491510235e-9,-0.15883103527327885
3961,2.436980361891025e-9,3.51796736733073e-14,-2.4369451822173515e-9,-0.15883108436964546
3981,2.398349956923663e-9,4.301050038935879e-14,-2.398306946423274e-9,-0.15883113269375876
4001,2.367339050674361e-9,3.579581609190135e-14,-2.3673032548582692e-9,-0.15883118032489485
4021,2.3349541957662578e-9,3.239573450905619e-14,-2.3349218000317486e-9,-0.15883122734262548
4041,2.298422560331832e-9,3.8338927567946765e-14,-2.2983842214042643e-9,-0.15883127365514382
4061,2.2677124232802995e-9,3.153414430582482e-14,-2.2676808891359935e-9,-0.1588313192886576
4081,2.2379240362020203e-9,2.4326641889637145e-14,-2.2378997095601306e-9,-0.15883136433834713
4101,2.2039832304731674e-9,3.0901870006341284e-14,-2.203952328603161e-9,-0.15883140873984192
4121,2.174676209560086e-9,2.858792574616853e-14,-2.1746476216343396e-9,-0.15883145250013883
4141,2.1473632467373905e-9,2.302563247806144e-14,-2.1473402211049126e-9,-0.15883149571179234
4161,2.11598836186507e-9,2.7002280899852812e-14,-2.11596135958417e-9,-0.1588315383327872
4181,2.0871583913865807e-9,2.5936918733681414e-14,-2.087132454467847e-9,-0.15883158033929257
4201,2.061497715486229e-9,1.8123500535678955e-14,-2.0614795919856932e-9,-0.15883162181471497
4221,2.0324937184426227e-9,2.1264993736027908e-14,-2.0324724534488866e-9,-0.1588316627444259
4241,2.0050205469872105e-9,2.2554453309774885e-14,-2.0049979925339007e-9,-0.15883170309691091
4261,1.9809546591408943e-9,1.729242765750478e-14,-1.9809373667132368e-9,-0.15883174294404576
4281,1.9543552553046886e-9,1.8451131063974857e-14,-1.9543368041736245e-9,-0.15883178228908015
4301,1.927780664286858e-9,2.0330517495864234e-14,-1.927760333769362e-9,-0.1588318210907807
4321,1.9047121183778033e-9,1.4568816619135437e-14,-1.9046975495611843e-9,-0.15883185940125907
4341,1.8801142694480197e-9,1.431089424742382e-14,-1.8800999585537723e-9,-0.15883189724231048
4361,1.8549350355706575e-9,1.71862836838563e-14,-1.8549178492869736e-9,-0.15883193457554617
4381,1.8329634164666194e-9,1.3689691308714955e-14,-1.8329497267753106e-9,-0.15883197143965175
4401,1.8103049170088184e-9,1.2578252287546806e-14,-1.8102923387565309e-9,-0.15883200786538818
4421,1.786365013259451e-9,1.5151760769112324e-14,-1.7863498614986818e-9,-0.15883204381787394
4441,1.7650810264168204e-9,1.2123294633348822e-14,-1.765068903122187e-9,-0.15883207931687948
4461,1.7439693848258077e-9,9.80316375344137e-15,-1.7439595816620542e-9,-0.15883211440021106
4481,1.7214350887169484e-9,1.2481719719069732e-14,-1.7214226069972294e-9,-0.15883214904205012
4501,1.7010307983627795e-9,1.106854095956195e-14,-1.70101972982182e-9,-0.15883218325173085
4521,1.6813503592732467e-9,8.836826612850013e-15,-1.6813415224466338e-9,-0.15883221706786585
4541,1.6601831343302213e-9,1.0739910293353497e-14,-1.6601723944199279e-9,-0.15883225047320168
4561,1.64041637618692e-9,1.0031363927652367e-14,-1.6404063448229923e-9,-0.15883228346479145
4581,1.6218534903950995e-9,7.162319861036172e-15,-1.6218463280752385e-9,-0.15883231607916296
4601,1.6020155549175321e-9,8.649304454245583e-15,-1.6020069056130778e-9,-0.1588323483091804
4621,1.5830759658030881e-9,8.878508657044803e-15,-1.583067087294431e-9,-0.15883238014672138
4641,1.5655355265600597e-9,6.593623797457573e-15,-1.5655289329362623e-9,-0.15883241162398665
4661,1.5469947668693333e-9,7.335522104831161e-15,-1.5469874313472284e-9,-0.15883244274180272
4681,1.5287677727990043e-9,7.973625566269556e-15,-1.528759799173438e-9,-0.15883247348726276
4701,1.5120301992308685e-9,5.656257091523795e-15,-1.512024542973777e-9,-0.15883250388587622
4721,1.4946611338339771e-9,5.811231009641983e-15,-1.4946553226029675e-9,-0.15883253394592595
4741,1.4772833466284434e-9,6.8527726787981584e-15,-1.4772764938557647e-9,-0.15883256365440254
4761,1.461319537720515e-9,5.255832431210148e-15,-1.4613142818880836e-9,-0.15883259303088373
4781,1.4450809292011521e-9,4.940111964425089e-15,-1.4450759890891878e-9,-0.158832622088419
4801,1.4285317745201678e-9,6.025125834879752e-15,-1.4285257493943329e-9,-0.1588326508148826
4821,1.4132356675108412e-9,4.704503983880349e-15,-1.4132309630068574e-9,-0.15883267922290997
4841,1.3980168524383147e-9,3.964751631576073e-15,-1.3980128876866832e-9,-0.15883270732910068
4861,1.3823852211765743e-9,5.086573461371869e-15,-1.382380134603113e-9,-0.1588327351245446
4881,1.3677821566568374e-9,4.385936545224476e-15,-1.3677777707202921e-9,-0.1588327626168582
4901,1.3534865037446253e-9,3.5340240900205828e-15,-1.3534829697205353e-9,-0.1588327898232812
4921,1.3386610389383584e-9,4.399548094605232e-15,-1.3386566393902638e-9,-0.15883281673733582
4941,1.3245118515851156e-9,4.0055772504755115e-15,-1.3245078460078652e-9,-0.15883284336012138
4961,1.3107908731761954e-9,2.9233436845122434e-15,-1.310787949832511e-9,-0.15883286970682534
4981,1.2965425142896416e-9,3.591615702348739e-15,-1.2965389226739392e-9,-0.15883289577342014
5001,1.2827422757597292e-9,3.609824142525001e-15,-1.2827386659355866e-9,-0.1588329215576745
5021,1.2695342717843703e-9,2.629027097406539e-15,-1.269531642757273e-9,-0.15883294707380027
5041,1.2559773596487724e-9,2.9900950782908645e-15,-1.255974369553694e-9,-0.15883297232264795
5061,1.242708378485798e-9,3.170662082997662e-15,-1.242705207823715e-9,-0.1588329973013771
5081,1.230133690427311e-9,2.2162591042961006e-15,-1.2301314741682066e-9,-0.15883302202304256
5101,1.2173679324974162e-9,2.356165747474412e-15,-1.2173655763316687e-9,-0.15883304649223337
5121,1.2047307266508065e-9,2.7266086642854224e-15,-1.2047280000421422e-9,-0.15883307070575955
5141,1.1927538623160268e-9,2.0355843832043647e-15,-1.1927518267316437e-9,-0.15883309467391096
5161,1.1807106452245355e-9,1.936800401630874e-15,-1.1807087084241339e-9,-0.15883311840309255
5181,1.1686425343856352e-9,2.3739145769385968e-15,-1.1686401604710584e-9,-0.1588331418898336
5201,1.157161181972929e-9,1.81969015255688e-15,-1.1571593622827765e-9,-0.1588331651412639
5221,1.1457394325196231e-9,1.578421407555921e-15,-1.1457378540982156e-9,-0.15883318816500652
5241,1.134222200927572e-9,2.0007898134862694e-15,-1.1342202001377583e-9,-0.158833210958406
5261,1.1231956535197607e-9,1.6755950773308305e-15,-1.1231939779246833e-9,-0.15883323352615517
5281,1.1123354506573045e-9,1.3329358983682703e-15,-1.112334117721406e-9,-0.15883325587631605
5301,1.1013419844806028e-9,1.70132001456287e-15,-1.1013402831605883e-9,-0.15883327800740685
5321,1.0907292024668509e-9,1.529120946537082e-15,-1.0907276733459044e-9,-0.15883329992190745
5341,1.0803659481235902e-9,1.1239483819037722e-15,-1.0803648241752084e-9,-0.1588333216277738
5361,1.0698808439288511e-9,1.3926322800194045e-15,-1.0698794512965711e-9,-0.15883334312497915
5381,1.0596746061930503e-9,1.3792249167484355e-15,-1.0596732269681335e-9,-0.15883336441461485
5401,1.0497655288266808e-9,9.744640003772058e-16,-1.0497645543626805e-9,-0.15883338550397824
5421,1.0397662284924464e-9,1.1554823512398333e-15,-1.0397650730100951e-9,-0.15883340639439836
5441,1.0299468467016198e-9,1.2209359933890894e-15,-1.0299456257656264e-9,-0.1588334270859255
5461,1.0204465776342115e-9,8.788961405369114e-16,-1.020445698738071e-9,-0.15883344758487453
5481,1.0109071247452659e-9,9.455535446395053e-16,-1.0109061791917212e-9,-0.1588334678937821
5501,1.0014762126365055e-9,1.0794684606307194e-15,-1.0014751331680448e-9,-0.15883348801234584
5521,9.923587395852213e-10,7.863279997683098e-16,-9.923579532572216e-10,-0.15883350794578704
5541,9.832595689892156e-10,7.8397470336598245e-16,-9.832587850145123e-10,-0.158833527697554
5561,9.742145926786758e-10,9.531249400020634e-16,-9.742136395537358e-10,-0.15883354726735593
5581,9.654660052176238e-10,7.174403089028953e-16,-9.65465287777315e-10,-0.1588335666593508
5601,9.567997145562992e-10,6.475531732925704e-16,-9.56799067003126e-10,-0.15883358587774254
5621,9.481721390125991e-10,8.239366128465651e-16,-9.481713150759863e-10,-0.1588336049228244
5641,9.398232923636797e-10,6.861601779821538e-16,-9.398226062035018e-10,-0.15883362379810492
5661,9.316225108401993e-10,5.899498135287807e-16,-9.31621920890386e-10,-0.15883364250843063
5681,9.234595390084648e-10,7.800893115045467e-16,-9.234587589191533e-10,-0.15883366105494004
5701,9.155262276200655e-10,7.398576533419241e-16,-9.155254877624121e-10,-0.15883367944037008
5721,9.077282147167888e-10,6.074935559166076e-16,-9.077276072232329e-10,-0.15883369766902852
5741,8.998718216550517e-10,7.375319632547086e-16,-8.998710841230885e-10,-0.1588337157411459
5761,8.920680597842046e-10,7.063958996771214e-16,-8.92067353388305e-10,-0.15883373365644693
5781,8.842992023134495e-10,5.563719891925883e-16,-8.842986459414604e-10,-0.1588337514163291
5801,8.764404984013593e-10,6.252399030245121e-16,-8.764398731614562e-10,-0.15883376901987684
5821,8.686542049345809e-10,6.120718658642566e-16,-8.68653592862715e-10,-0.15883378646661045
5841,8.610383233685997e-10,4.1956444548363144e-16,-8.610379038041542e-10,-0.15883380375953038
5861,8.534813913165052e-10,4.3814787842675026e-16,-8.534809531686268e-10,-0.15883382090086284
5881,8.460517213967864e-10,4.612950668117683e-16,-8.460512601017196e-10,-0.15883383789212382
5901,8.38821106124717e-10,3.414382530006972e-16,-8.38820764686464e-10,-0.15883385473698247
5921,8.316647572795474e-10,3.19999918611677e-16,-8.316644372796288e-10,-0.15883387143820699
5941,8.245904104718854e-10,3.7040904217983983e-16,-8.245900400628432e-10,-0.1588338879969659
5961,8.176804027614597e-10,2.8491416084597815e-16,-8.176801178472989e-10,-0.1588339044159773
5981,8.108431873706409e-10,2.537193280780899e-16,-8.108429336513128e-10,-0.15883392069775545
6001,8.040579029551274e-10,3.1337983855281436e-16,-8.040575895752889e-10,-0.1588339368431924
6021,7.974094523088485e-10,2.625020312136091e-16,-7.974091898068173e-10,-0.15883395285430757
6041,7.908412207667674e-10,2.0727046041000624e-16,-7.908410134963069e-10,-0.15883396873348057
6061,7.843113537214759e-10,2.8738840819353635e-16,-7.843110663330678e-10,-0.15883398448161182
6081,7.778962898391603e-10,2.4769309948420805e-16,-7.778960421460609e-10,-0.1588340001002561
6101,7.715699346772259e-10,2.0387961913807859e-16,-7.715697307976068e-10,-0.1588340155916839
6121,7.652790598551626e-10,2.2355858339454784e-16,-7.652788362965792e-10,-0.1588340309569323
6141,7.590838202003275e-10,2.1572176396390482e-16,-7.590836044785636e-10,-0.15883404619725605
6161,7.529819871466697e-10,1.510722001706276e-16,-7.529818360744696e-10,-0.15883406131477024
6181,7.469173820026843e-10,2.0222888211633845e-16,-7.469171797738023e-10,-0.1588340763106588
6201,7.409312104947485e-10,1.982776179933024e-16,-7.409310122171304e-10,-0.15883409118596645
6221,7.350393359086646e-10,1.537955560995417e-16,-7.350391821131085e-10,-0.15883410594261432
6241,7.29189541847636e-10,1.621729159784215e-16,-7.2918937967472e-10,-0.1588341205819159
6261,7.234046306522955e-10,1.7753837521961244e-16,-7.234044531139203e-10,-0.1588341351048046
6281,7.177109411003646e-10,1.2612816013031112e-16,-7.177108149722045e-10,-0.15883414951298933
6301,7.120647949411263e-10,1.3842989279450856e-16,-7.120646565112335e-10,-0.1588341638078657
6321,7.064728730468778e-10,1.5054408375479544e-16,-7.06472722502794e-10,-0.15883417799031058
6341,7.009664568699734e-10,1.1696257958510725e-16,-7.009663399073939e-10,-0.15883419206181967
6361,6.955129843628619e-10,1.1225198245341935e-16,-6.955128721108795e-10,-0.1588342060238269
6381,6.901068013845354e-10,1.2648727205733917e-16,-6.901066748972634e-10,-0.15883421987720733
6401,6.847787425690657e-10,1.0284743437277596e-16,-6.847786397216313e-10,-0.15883423362326732
6421,6.795076735528049e-10,9.192678457435327e-17,-6.795075816260203e-10,-0.15883424726343054
6441,6.742794005769912e-10,1.1642501853467794e-16,-6.742792841519727e-10,-0.15883426079859125
6461,6.691212230699487e-10,9.313293353842522e-17,-6.691211299370152e-10,-0.15883427422989088
6481,6.640225356486628e-10,8.602877354189624e-17,-6.640224496198892e-10,-0.15883428755870738
6501,6.589648591027948e-10,9.091103345797814e-17,-6.589647681917614e-10,-0.15883430078597044
6521,6.539694356852391e-10,9.53623265305096e-17,-6.539693403229126e-10,-0.15883431391269598
6541,6.49034268706081e-10,7.049901280555866e-17,-6.490341982070682e-10,-0.158834326940188
6561,6.441395234236912e-10,7.737912682161526e-17,-6.441394460445643e-10,-0.15883433986940648
6581,6.392999030132609e-10,8.927525577157954e-17,-6.392998137380051e-10,-0.1588343527012706
6601,6.345197386708492e-10,5.807489820418459e-17,-6.34519680595951e-10,-0.15883436543699453
6621,6.297805412099403e-10,5.038502157713404e-17,-6.297804908249188e-10,-0.15883437807756148
6641,6.25090615566123e-10,8.088265040873441e-17,-6.250905346834726e-10,-0.15883439062382806
6661,6.204580220650831e-10,5.904472310830284e-17,-6.2045796302036e-10,-0.1588344030769131
6681,6.158671477608597e-10,6.647062929864662e-17,-6.158670812902304e-10,-0.1588344154378067
6701,6.113207232267291e-10,7.313286047575896e-17,-6.113206500938687e-10,-0.1588344277073225
6721,6.068286862871787e-10,4.882502527394571e-17,-6.068286374621534e-10,-0.15883443988648502
6741,6.023791461331305e-10,3.6221339918021426e-17,-6.023791099117906e-10,-0.15883445197627702
6761,5.979705961455767e-10,5.848414401900915e-17,-5.979705376614327e-10,-0.15883446397748952
6781,5.936129786650651e-10,4.947604280760158e-17,-5.936129291890223e-10,-0.15883447589106187
6801,5.892981513512553e-10,2.4652154738521407e-17,-5.892981266991006e-10,-0.1588344877179543
6821,5.850217462721279e-10,4.557030211328873e-17,-5.850217007018258e-10,-0.15883449945894265
6841,5.80792646238005e-10,3.387251411252476e-17,-5.807926123654909e-10,-0.15883451111489075
6861,5.766063041539136e-10,3.61664465594631e-17,-5.766062679874671e-10,-0.15883452268672527
6881,5.724566883579721e-10,4.267573456398372e-17,-5.724566456822375e-10,-0.15883453417521404
6901,5.683508768310764e-10,3.87035449192492e-17,-5.683508381275315e-10,-0.15883454558115928
6921,5.642872019704927e-10,3.3624730693758574e-17,-5.64287168345762e-10,-0.15883455690544604
6941,5.602590557025022e-10,3.199500268667114e-17,-5.602590237074995e-10,-0.15883456814883326
6961,5.562714677359603e-10,2.2461543306154692e-17,-5.56271445274417e-10,-0.15883457931207173
6981,5.523249716401467e-10,4.0160015368156293e-17,-5.523249314801313e-10,-0.15883459039600056
7001,5.484132433753069e-10,4.0117177630336833e-17,-5.484132032581292e-10,-0.1588346014013689
7021,5.445392517589771e-10,4.46654910857327e-17,-5.44539207093486e-10,-0.15883461232888835
7041,5.407049229603922e-10,1.8548120474451015e-17,-5.407049044122718e-10,-0.15883462317935113
7061,5.369046926906083e-10,3.3503689106340184e-17,-5.369046591869191e-10,-0.15883463395349215
7081,5.331398137340492e-10,3.636078977595619e-17,-5.331397773732594e-10,-0.15883464465199107
7101,5.29412906542402e-10,2.762074217187614e-17,-5.294128789216598e-10,-0.15883465527559396
7121,5.25719547268729e-10,2.389466190735755e-17,-5.257195233740671e-10,-0.15883466582501846
7141,5.22059556231637e-10,2.4316520296243568e-17,-5.220595319151167e-10,-0.15883467630091963
7161,5.184357156896092e-10,1.3297119512648844e-17,-5.184357023924896e-10,-0.15883468670400097
7181,5.148447924514454e-10,1.5916849156751636e-17,-5.148447765345963e-10,-0.15883469703495906
7201,5.112855915195166e-10,2.5443239836462844e-17,-5.112855660762767e-10,-0.15883470729442745
7221,5.077607394242434e-10,2.2452463572243735e-17,-5.077607169717799e-10,-0.15883471748307065
7241,5.042680337415532e-10,1.3681122206835194e-17,-5.042680200604309e-10,-0.15883472760156137
7261,5.00805737981166e-10,1.3472425034352498e-17,-5.00805724508741e-10,-0.1588347376505155
7281,4.973760251453296e-10,2.1656671624513513e-17,-4.97376003488658e-10,-0.1588347476305632
7301,4.939776728480116e-10,1.5793212454684318e-17,-4.939776570547992e-10,-0.15883475754235157
7321,4.906085440441265e-10,5.8086946338051455e-18,-4.906085382354319e-10,-0.1588347673864794
7341,4.872703167831117e-10,1.0448014342514439e-17,-4.872703063350974e-10,-0.15883477716354608
7361,4.839625120031238e-10,2.846016877740903e-17,-4.83962483542955e-10,-0.15883478687417224
7381,4.806830293459744e-10,4.7883774181672e-18,-4.80683024557597e-10,-0.15883479651894072
7401,4.774329108315125e-10,1.3120367881643405e-17,-4.774328977111446e-10,-0.15883480609842462
7421,4.742122076112533e-10,1.9528414918274675e-17,-4.742121880828384e-10,-0.15883481561321816
7441,4.710189234426891e-10,-4.862928399544534e-19,-4.71018923928982e-10,-0.15883482506388763
7461,4.678536367921876e-10,1.524400166436877e-17,-4.678536215481859e-10,-0.15883483445098254
7481,4.6471671391102895e-10,1.472525644226072e-17,-4.647166991857725e-10,-0.15883484377507134
7501,4.616064221640543e-10,8.834793681219914e-18,-4.616064133292606e-10,-0.1588348530367038
7521,4.5852284954355374e-10,5.542475271171103e-18,-4.585228440010785e-10,-0.15883486223640894
7541,4.554666157734244e-10,1.4954833408333828e-17,-4.55466600818591e-10,-0.15883487137473082
7561,4.524362554659346e-10,2.0883880816671513e-17,-4.524362345820538e-10,-0.1588348804522021
7581,4.494314674437385e-10,1.625815784889838e-17,-4.4943145118558067e-10,-0.1588348894693331
7601,4.46452945691212e-10,-9.716748880017525e-20,-4.464529457883795e-10,-0.15883489842664464
7621,4.4349956095916454e-10,3.768737866806021e-18,-4.434995571904267e-10,-0.15883490732465227
7641,4.405707870301359e-10,-2.5725467629902036e-18,-4.405707896026826e-10,-0.15883491616384965
7661,4.3766722754538823e-10,8.72039215100427e-18,-4.3766721882499606e-10,-0.15883492494473594
7681,4.347880701479877e-10,9.692881883863398e-18,-4.347880604551058e-10,-0.15883493366780954
7701,4.319325896411699e-10,8.300511411571481e-18,-4.319325813406585e-10,-0.15883494233354828
7721,4.291013016781095e-10,1.112335916562473e-17,-4.291012905547503e-10,-0.15883495094243125
7741,4.2629373798136833e-10,1.2479926835496777e-17,-4.262937255014415e-10,-0.15883495949493964
7761,4.23509024160287e-10,-6.654027726508686e-18,-4.2350903081431474e-10,-0.1588349679915367
7781,4.207475960863692e-10,2.599718148631475e-18,-4.2074759348665105e-10,-0.15883497643268318
7801,4.1800909526141145e-10,1.2879892134097876e-17,-4.1800908238151934e-10,-0.15883498481884326
7821,4.1529272953616316e-10,8.138338184783872e-18,-4.1529272139782495e-10,-0.15883499315046629
7841,4.125986904839203e-10,1.2643780053326668e-17,-4.1259867784014024e-10,-0.15883500142799575
7861,4.099268975316961e-10,1.8577155524920883e-17,-4.0992687895454055e-10,-0.15883500965187938
7881,4.0727653005696955e-10,1.5840447483413175e-17,-4.072765142165221e-10,-0.15883501782255305
7901,4.0464768034056365e-10,4.1263260724075054e-18,-4.046476762142376e-10,-0.15883502594044469
7921,4.0204033724834006e-10,-9.209823589826177e-18,-4.020403464581637e-10,-0.15883503400598598
7941,3.9945379239658085e-10,7.334044465530666e-18,-3.994537850625364e-10,-0.15883504201959964
7961,3.968879396985208e-10,7.2556027881058e-18,-3.96887932442918e-10,-0.15883504998169917
7981,3.9434291610604813e-10,2.1715170311643304e-18,-3.943429139345311e-10,-0.1588350578927008
8001,3.918180380652931e-10,9.733968906945461e-18,-3.918180283313242e-10,-0.1588350657530146
8021,3.893131526523291e-10,-3.88457566956713e-18,-3.8931315653690475e-10,-0.15883507356304055
8041,3.8682837978762574e-10,1.7525892318312094e-17,-3.868283622617334e-10,-0.15883508132318025
8061,3.8436319520937313e-10,-9.279694995484809e-18,-3.8436320448906813e-10,-0.15883508903383123
8081,3.81917315114886e-10,5.516739259019138e-18,-3.819173095981468e-10,-0.158835096695381
8101,3.794908543207262e-10,7.635547987346638e-18,-3.794908466851782e-10,-0.1588351043082172
8121,3.7708342115487844e-10,1.1060253549250614e-17,-3.770834100946249e-10,-0.15883511187272503
8141,3.746946842131292e-10,2.6868104400731794e-17,-3.746946573450248e-10,-0.15883511938928052
8161,3.723246884805206e-10,8.118016717342632e-18,-3.723246803625039e-10,-0.1588351268582579
8181,3.69973191454416e-10,1.8262017580157245e-17,-3.6997317319239844e-10,-0.15883513428003052
8201,3.6763977447655935e-10,1.6872907581245636e-17,-3.6763975760365177e-10,-0.1588351416549633
8221,3.6532447600752436e-10,-1.140928111578294e-17,-3.6532448741680545e-10,-0.15883514898341805
8241,3.6302716186475673e-10,-8.165469309777505e-18,-3.6302717003022605e-10,-0.15883515626575645
8261,3.607473833633413e-10,5.124933885129874e-18,-3.6074737823840746e-10,-0.15883516350233293
8281,3.584851446859367e-10,1.3156283056427062e-17,-3.5848513152965365e-10,-0.15883517069349765
8301,3.5624030928120795e-10,1.1415371100357276e-17,-3.5624029786583684e-10,-0.15883517783960088
8321,3.540125215368274e-10,1.8340412992165104e-17,-3.540125031964144e-10,-0.15883518494098695
8341,3.5180168816001117e-10,-8.565598415914119e-18,-3.5180169672560957e-10,-0.15883519199799515
8361,3.496077675666665e-10,1.4544680099960503e-17,-3.496077530219864e-10,-0.15883519901096477
8381,3.4743039843624393e-10,8.864376942749151e-18,-3.4743038957186697e-10,-0.15883520598023035
8401,3.452694567571808e-10,1.407219390189293e-17,-3.452694426849869e-10,-0.15883521290612104
8421,3.431249356975719e-10,2.1856353387514996e-17,-3.4312491384121853e-10,-0.15883521978896542
8441,3.409964812808052e-10,3.157970713704232e-18,-3.409964781228345e-10,-0.15883522662908867
8461,3.388839636212978e-10,5.469340956526016e-19,-3.388839630743637e-10,-0.15883523342681036
8481,3.3678736633537317e-10,5.993257539048886e-18,-3.367873603421156e-10,-0.1588352401824489
8501,3.3470640017787233e-10,-3.667226468199322e-19,-3.34706400544595e-10,-0.15883524689632034
8521,3.3264092434466377e-10,7.305190758381821e-18,-3.32640917039473e-10,-0.15883525356873518
8541,3.305908657890595e-10,-4.095214446442207e-18,-3.3059086988427396e-10,-0.15883526020000235
8561,3.28556054606417e-10,1.466751254478525e-17,-3.2855603993890443e-10,-0.15883526679042884
8581,3.2653623283050333e-10,4.579117237213423e-18,-3.265362282513861e-10,-0.15883527334031675
8601,3.2453141742727477e-10,2.327704147945944e-18,-3.2453141509957064e-10,-0.15883527984996595
8621,3.225414421239335e-10,1.411741213535583e-17,-3.2254142800652136e-10,-0.15883528631967492
8641,3.205660503500637e-10,-2.550573617353454e-18,-3.2056605290063733e-10,-0.1588352927497378
8661,3.1860522844033994e-10,2.4536544157540243e-18,-3.186052259866855e-10,-0.15883529914044595
8681,3.1665886623419197e-10,9.592085810365505e-19,-3.166588652749834e-10,-0.1588353054920898
8701,3.1472672791519923e-10,1.710311697292434e-18,-3.147267262048875e-10,-0.15883531180495608
8721,3.128087791498389e-10,7.095003072914892e-18,-3.1280877205483584e-10,-0.15883531807932863
8741,3.1090493385778506e-10,-1.0986432628824812e-19,-3.109049339676494e-10,-0.15883532431549044
8761,3.0901499736252163e-10,1.8847721322559683e-17,-3.090149785148003e-10,-0.1588353305137216
8781,3.071388921894247e-10,-4.536907721519794e-18,-3.0713889672633243e-10,-0.15883533667429942
8801,3.0527659282772645e-10,-1.6766412116932945e-18,-3.052765945043677e-10,-0.15883534279750042
8821,3.034279837796178e-10,-7.99666033777976e-19,-3.0342798457928387e-10,-0.1588353488835993
8841,3.015929257055868e-10,-8.815461241745562e-19,-3.0159292658713294e-10,-0.1588353549328682
8861,2.9977148452909325e-10,-3.6635856626509264e-18,-2.997714881926789e-10,-0.1588353609455791
8881,2.9796352916969604e-10,-6.2022058443772956e-18,-2.979635353719019e-10,-0.1588353669220029
8901,2.961690223435309e-10,8.30185645834067e-18,-2.9616901404167443e-10,-0.15883537286240879
8921,2.943880013380089e-10,1.7404634694504454e-17,-2.943879839333742e-10,-0.15883537876706588
8941,2.926203733331101e-10,9.130869548600103e-18,-2.9262036420224054e-10,-0.15883538463624342
8961,2.9086614861776446e-10,-1.2639278035281219e-18,-2.9086614988169225e-10,-0.1588353904702092
8981,2.891252841682231e-10,-1.7691681657214176e-19,-2.8912528434513993e-10,-0.1588353962692308
9001,2.8739772772034987e-10,-8.053827982893953e-18,-2.873977357741779e-10,-0.15883540203357535
9021,2.8568334385065007e-10,-1.312288559141006e-18,-2.856833451629386e-10,-0.15883540776350735
9041,2.8398192058974794e-10,1.5865221263246537e-17,-2.8398190472452667e-10,-0.15883541345928776
9061,2.822931128878829e-10,-4.8008953842731294e-18,-2.822931176887783e-10,-0.15883541912117283
9081,2.8061649137313764e-10,7.115408213277151e-18,-2.8061648425772944e-10,-0.15883542474941068
9101,2.789514588409643e-10,4.862805153682348e-18,-2.7895145397815915e-10,-0.15883543034423875
9121,2.772973568613465e-10,4.197365108186169e-18,-2.772973526639814e-10,-0.15883543590588226
9141,2.756534464740875e-10,4.50320690092987e-18,-2.7565344197088064e-10,-0.158835441434552
9161,2.740190452168666e-10,3.4867947809953985e-19,-2.740190448681871e-10,-0.15883544693044427
9181,2.723936828169135e-10,1.2668626273589918e-17,-2.7239367014828726e-10,-0.1588354523937441
9201,2.70777048316172e-10,1.05856393750812e-17,-2.707770377305326e-10,-0.15883545782462857
9221,2.69169160844961e-10,1.4465681149239526e-17,-2.6916914637927986e-10,-0.15883546322327174
9241,2.675702807712683e-10,1.8161022122302267e-17,-2.675702626102462e-10,-0.15883546858985115
9261,2.6598086756102275e-10,6.527787285120943e-18,-2.6598086103323544e-10,-0.15883547392455166
9281,2.6440144628480806e-10,1.447123977035777e-17,-2.644014318135683e-10,-0.15883547922756777
9301,2.628325119667201e-10,-6.104811829131417e-18,-2.628325180715319e-10,-0.15883548449910487
9321,2.6127452139264887e-10,2.2301715938427014e-18,-2.612745191624773e-10,-0.15883548973937783
9341,2.597277437167599e-10,1.0265232841525621e-17,-2.597277334515271e-10,-0.15883549494860832
9361,2.5819233743870373e-10,-3.846345660968582e-18,-2.581923412850494e-10,-0.15883550012702244
9381,2.566683598716099e-10,-4.278770756544243e-18,-2.566683641503807e-10,-0.15883550527484824
9401,2.551556804204674e-10,2.547518994388564e-18,-2.551556778729484e-10,-0.1588355103923133
9421,2.5365423014518113e-10,-1.0399904717121827e-17,-2.5365424054508583e-10,-0.15883551547964322
9441,2.5216390776140295e-10,1.3572127616037846e-17,-2.5216389418927534e-10,-0.1588355205370611
9461,2.5068441304019213e-10,-1.0951044662122737e-18,-2.506844141352966e-10,-0.15883552556478647
9481,2.4921567001320593e-10,3.3040437004390904e-18,-2.492156667091622e-10,-0.1588355305630352
9501,2.4775746242906497e-10,1.205746055195884e-17,-2.477574503716044e-10,-0.15883553553202
9521,2.4630961990410326e-10,-7.206110338158846e-18,-2.463096271102136e-10,-0.15883554047194995
9541,2.448720193471219e-10,1.938122919153561e-18,-2.44872017408999e-10,-0.15883554538303077
9561,2.434444821808288e-10,-1.0827321158414673e-17,-2.4344449300814997e-10,-0.15883555026546542
9581,2.420268939899938e-10,1.1797160887676841e-17,-2.4202688219283295e-10,-0.158835555119454
9601,2.406191359790829e-10,1.2207472846088538e-17,-2.4061912377161003e-10,-0.15883555994519413
9621,2.392210643940715e-10,-1.093328209749772e-18,-2.392210654873997e-10,-0.158835564742881
9641,2.3783261621944296e-10,4.971808215252193e-18,-2.3783261124763475e-10,-0.15883556951270764
9661,2.364536531262674e-10,2.6163242565698314e-18,-2.3645365050994317e-10,-0.15883557425486503
9681,2.3508410180148987e-10,-7.498662285864826e-18,-2.3508410930015214e-10,-0.15883557896954206
9701,2.337238706801502e-10,-2.027759683966604e-18,-2.337238727079099e-10,-0.15883558365692607
9721,2.3237285567539178e-10,4.359429347136827e-19,-2.3237285523944885e-10,-0.1588355883172024
9741,2.3103101304745058e-10,2.0417870371800695e-17,-2.310309926295802e-10,-0.15883559295055483
9761,2.2969821778564748e-10,8.320971833726389e-18,-2.2969820946467565e-10,-0.15883559755716556
9781,2.2837439207261804e-10,-1.6129790336371261e-18,-2.2837439368559707e-10,-0.15883560213721507
9801,2.2705952601664289e-10,2.1942189457627897e-17,-2.2705950407445343e-10,-0.1588356066908823
9821,2.2575349886068113e-10,3.50071852644789e-18,-2.2575349535996261e-10,-0.15883561121834497
9841,2.2445622161075527e-10,-1.2627145810177607e-17,-2.2445623423790108e-10,-0.1588356157197791
9861,2.2316766588534315e-10,1.7615522031330088e-18,-2.2316766412379095e-10,-0.1588356201953593
9881,2.218877261083237e-10,-8.122528254270102e-19,-2.2188772692057653e-10,-0.15883562464525885
9901,2.206163423035293e-10,1.0810474685664054e-17,-2.2061633149305462e-10,-0.15883562906964963
9921,2.1935347824004782e-10,-2.9697454576577243e-18,-2.1935348120979328e-10,-0.15883563346870216
9941,2.1809899841803095e-10,7.129890095811779e-18,-2.1809899128814086e-10,-0.15883563784258553
9961,2.1685291516873126e-10,1.5078997143890264e-17,-2.1685290008973413e-10,-0.15883564219146767
9981,2.1561509568244147e-10,-1.6898887440427795e-17,-2.156151125813289e-10,-0.15883564651551513
