cost,base_path,metric,ncells,nfeatures,seed
0.07998033292022931,OT-scOmics/data/liu_scatac_preprocessed.csv.gz,l1,20,1000,1
0.08818414180557982,OT-scOmics/data/liu_scatac_preprocessed.csv.gz,l1,20,5000,1
0.14797341652517138,OT-scOmics/data/liu_scatac_preprocessed.csv.gz,l1,20,1000,2
0.12896532623086104,OT-scOmics/data/liu_scatac_preprocessed.csv.gz,l1,20,5000,2
0.1888505242694893,OT-scOmics/data/liu_scatac_preprocessed.csv.gz,l1,20,1000,3
0.1347753679909911,OT-scOmics/data/liu_scatac_preprocessed.csv.gz,l1,20,5000,3
0.0782833508521106,OT-scOmics/data/liu_scatac_preprocessed.csv.gz,l1,20,1000,4
0.08355220197285396,OT-scOmics/data/liu_scatac_preprocessed.csv.gz,l1,20,5000,4
0.07529704916552434,OT-scOmics/data/liu_scatac_preprocessed.csv.gz,l1,20,1000,5
0.08032124349157715,OT-scOmics/data/liu_scatac_preprocessed.csv.gz,l1,20,5000,5
0.1487782638888533,OT-scOmics/data/liu_scatac_preprocessed.csv.gz,l1,20,1000,6
0.10684262367669004,OT-scOmics/data/liu_scatac_preprocessed.csv.gz,l1,20,5000,6
0.10144292526710959,OT-scOmics/data/liu_scatac_preprocessed.csv.gz,l1,20,1000,7
0.10098810515326088,OT-scOmics/data/liu_scatac_preprocessed.csv.gz,l1,20,5000,7
0.08804420242298108,OT-scOmics/data/liu_scatac_preprocessed.csv.gz,l1,20,1000,8
0.09418596379687365,OT-scOmics/data/liu_scatac_preprocessed.csv.gz,l1,20,5000,8
0.05878309674076717,OT-scOmics/data/liu_scatac_preprocessed.csv.gz,l1,20,1000,9
0.06633642873845992,OT-scOmics/data/liu_scatac_preprocessed.csv.gz,l1,20,5000,9
0.07361970591713993,OT-scOmics/data/liu_scatac_preprocessed.csv.gz,l1,20,1000,10
0.07705328625248543,OT-scOmics/data/liu_scatac_preprocessed.csv.gz,l1,20,5000,10
0.03363792985751242,OT-scOmics/data/liu_scatac_preprocessed.csv.gz,l2,20,1000,1
0.03745553756859283,OT-scOmics/data/liu_scatac_preprocessed.csv.gz,l2,20,5000,1
0.06315606392709998,OT-scOmics/data/liu_scatac_preprocessed.csv.gz,l2,20,1000,2
0.0571231878722493,OT-scOmics/data/liu_scatac_preprocessed.csv.gz,l2,20,5000,2
0.07851901448889266,OT-scOmics/data/liu_scatac_preprocessed.csv.gz,l2,20,1000,3
0.05721630934077141,OT-scOmics/data/liu_scatac_preprocessed.csv.gz,l2,20,5000,3
0.03394033053525619,OT-scOmics/data/liu_scatac_preprocessed.csv.gz,l2,20,1000,4
0.036183452940614313,OT-scOmics/data/liu_scatac_preprocessed.csv.gz,l2,20,5000,4
0.03414737563938705,OT-scOmics/data/liu_scatac_preprocessed.csv.gz,l2,20,1000,5
0.03652745085580159,OT-scOmics/data/liu_scatac_preprocessed.csv.gz,l2,20,5000,5
0.06435943735728063,OT-scOmics/data/liu_scatac_preprocessed.csv.gz,l2,20,1000,6
0.04712736498719913,OT-scOmics/data/liu_scatac_preprocessed.csv.gz,l2,20,5000,6
0.0430837784083158,OT-scOmics/data/liu_scatac_preprocessed.csv.gz,l2,20,1000,7
0.04484771121945675,OT-scOmics/data/liu_scatac_preprocessed.csv.gz,l2,20,5000,7
0.03884213285530116,OT-scOmics/data/liu_scatac_preprocessed.csv.gz,l2,20,1000,8
0.043043564718992226,OT-scOmics/data/liu_scatac_preprocessed.csv.gz,l2,20,5000,8
0.02807360475918793,OT-scOmics/data/liu_scatac_preprocessed.csv.gz,l2,20,1000,9
0.03355252658672046,OT-scOmics/data/liu_scatac_preprocessed.csv.gz,l2,20,5000,9
0.03258880452113849,OT-scOmics/data/liu_scatac_preprocessed.csv.gz,l2,20,1000,10
0.03520485768757947,OT-scOmics/data/liu_scatac_preprocessed.csv.gz,l2,20,5000,10
0.013856334559519647,OT-scOmics/data/liu_scatac_preprocessed.csv.gz,cosine,20,1000,1
0.015613786308186559,OT-scOmics/data/liu_scatac_preprocessed.csv.gz,cosine,20,5000,1
0.03836448731580034,OT-scOmics/data/liu_scatac_preprocessed.csv.gz,cosine,20,1000,2
0.03406673080941399,OT-scOmics/data/liu_scatac_preprocessed.csv.gz,cosine,20,5000,2
0.05242757137830352,OT-scOmics/data/liu_scatac_preprocessed.csv.gz,cosine,20,1000,3
0.031174972853257456,OT-scOmics/data/liu_scatac_preprocessed.csv.gz,cosine,20,5000,3
0.015652837129170215,OT-scOmics/data/liu_scatac_preprocessed.csv.gz,cosine,20,1000,4
0.015815886889619064,OT-scOmics/data/liu_scatac_preprocessed.csv.gz,cosine,20,5000,4
0.01781564444501585,OT-scOmics/data/liu_scatac_preprocessed.csv.gz,cosine,20,1000,5
0.019172365989516552,OT-scOmics/data/liu_scatac_preprocessed.csv.gz,cosine,20,5000,5
0.04154724799842868,OT-scOmics/data/liu_scatac_preprocessed.csv.gz,cosine,20,1000,6
0.023211186774334355,OT-scOmics/data/liu_scatac_preprocessed.csv.gz,cosine,20,5000,6
0.02356605264107388,OT-scOmics/data/liu_scatac_preprocessed.csv.gz,cosine,20,1000,7
0.026377389400304107,OT-scOmics/data/liu_scatac_preprocessed.csv.gz,cosine,20,5000,7
0.01569911962775854,OT-scOmics/data/liu_scatac_preprocessed.csv.gz,cosine,20,1000,8
0.01670906903034842,OT-scOmics/data/liu_scatac_preprocessed.csv.gz,cosine,20,5000,8
0.012199354418860693,OT-scOmics/data/liu_scatac_preprocessed.csv.gz,cosine,20,1000,9
0.015693436564222115,OT-scOmics/data/liu_scatac_preprocessed.csv.gz,cosine,20,5000,9
0.012162931014368512,OT-scOmics/data/liu_scatac_preprocessed.csv.gz,cosine,20,1000,10
0.013578906797936224,OT-scOmics/data/liu_scatac_preprocessed.csv.gz,cosine,20,5000,10
0.027671010990152827,OT-scOmics/data/liu_scatac_preprocessed.csv.gz,correlation,20,1000,1
0.03256722268199664,OT-scOmics/data/liu_scatac_preprocessed.csv.gz,correlation,20,5000,1
0.08369144958272572,OT-scOmics/data/liu_scatac_preprocessed.csv.gz,correlation,20,1000,2
0.07348724708720383,OT-scOmics/data/liu_scatac_preprocessed.csv.gz,correlation,20,5000,2
0.1053655596553355,OT-scOmics/data/liu_scatac_preprocessed.csv.gz,correlation,20,1000,3
0.06253621844613666,OT-scOmics/data/liu_scatac_preprocessed.csv.gz,correlation,20,5000,3
0.02876290753122354,OT-scOmics/data/liu_scatac_preprocessed.csv.gz,correlation,20,1000,4
0.030830652702022062,OT-scOmics/data/liu_scatac_preprocessed.csv.gz,correlation,20,5000,4
0.03431035446904411,OT-scOmics/data/liu_scatac_preprocessed.csv.gz,correlation,20,1000,5
0.039574066581505675,OT-scOmics/data/liu_scatac_preprocessed.csv.gz,correlation,20,5000,5
0.07804291828354398,OT-scOmics/data/liu_scatac_preprocessed.csv.gz,correlation,20,1000,6
0.043466928293206995,OT-scOmics/data/liu_scatac_preprocessed.csv.gz,correlation,20,5000,6
0.053128622751556685,OT-scOmics/data/liu_scatac_preprocessed.csv.gz,correlation,20,1000,7
0.05849419628788722,OT-scOmics/data/liu_scatac_preprocessed.csv.gz,correlation,20,5000,7
0.028558892058434385,OT-scOmics/data/liu_scatac_preprocessed.csv.gz,correlation,20,1000,8
0.030280376720403596,OT-scOmics/data/liu_scatac_preprocessed.csv.gz,correlation,20,5000,8
0.02100707572982086,OT-scOmics/data/liu_scatac_preprocessed.csv.gz,correlation,20,1000,9
0.028230659613885854,OT-scOmics/data/liu_scatac_preprocessed.csv.gz,correlation,20,5000,9
0.02057266519366507,OT-scOmics/data/liu_scatac_preprocessed.csv.gz,correlation,20,1000,10
0.023667389086762396,OT-scOmics/data/liu_scatac_preprocessed.csv.gz,correlation,20,5000,10
0.09297272615304789,OT-scOmics/data/liu_scatac_preprocessed.csv.gz,l1,20,10000,1
0.13593771851990086,OT-scOmics/data/liu_scatac_preprocessed.csv.gz,l1,20,10000,2
0.1333566415094678,OT-scOmics/data/liu_scatac_preprocessed.csv.gz,l1,20,10000,3
0.08766412438660443,OT-scOmics/data/liu_scatac_preprocessed.csv.gz,l1,20,10000,4
0.08475353679381113,OT-scOmics/data/liu_scatac_preprocessed.csv.gz,l1,20,10000,5
0.10935931808369985,OT-scOmics/data/liu_scatac_preprocessed.csv.gz,l1,20,10000,6
0.11554569241025868,OT-scOmics/data/liu_scatac_preprocessed.csv.gz,l1,20,10000,7
0.09999324924159578,OT-scOmics/data/liu_scatac_preprocessed.csv.gz,l1,20,10000,8
0.06955229322195589,OT-scOmics/data/liu_scatac_preprocessed.csv.gz,l1,20,10000,9
0.08436514816525383,OT-scOmics/data/liu_scatac_preprocessed.csv.gz,l1,20,10000,10
0.040101272720987305,OT-scOmics/data/liu_scatac_preprocessed.csv.gz,l2,20,10000,1
0.06209845477761111,OT-scOmics/data/liu_scatac_preprocessed.csv.gz,l2,20,10000,2
0.0568659786595955,OT-scOmics/data/liu_scatac_preprocessed.csv.gz,l2,20,10000,3
0.03861239267502096,OT-scOmics/data/liu_scatac_preprocessed.csv.gz,l2,20,10000,4
0.039352927668828384,OT-scOmics/data/liu_scatac_preprocessed.csv.gz,l2,20,10000,5
0.04914004191197168,OT-scOmics/data/liu_scatac_preprocessed.csv.gz,l2,20,10000,6
0.05254001655143703,OT-scOmics/data/liu_scatac_preprocessed.csv.gz,l2,20,10000,7
0.04616596339358367,OT-scOmics/data/liu_scatac_preprocessed.csv.gz,l2,20,10000,8
0.03574331159984808,OT-scOmics/data/liu_scatac_preprocessed.csv.gz,l2,20,10000,9
0.03965318019046723,OT-scOmics/data/liu_scatac_preprocessed.csv.gz,l2,20,10000,10
0.01739596959621917,OT-scOmics/data/liu_scatac_preprocessed.csv.gz,cosine,20,10000,1
0.037857006915292694,OT-scOmics/data/liu_scatac_preprocessed.csv.gz,cosine,20,10000,2
0.030234246686805914,OT-scOmics/data/liu_scatac_preprocessed.csv.gz,cosine,20,10000,3
0.017429631156374067,OT-scOmics/data/liu_scatac_preprocessed.csv.gz,cosine,20,10000,4
0.021131674628503357,OT-scOmics/data/liu_scatac_preprocessed.csv.gz,cosine,20,10000,5
0.02375218041830354,OT-scOmics/data/liu_scatac_preprocessed.csv.gz,cosine,20,10000,6
0.03255915574468206,OT-scOmics/data/liu_scatac_preprocessed.csv.gz,cosine,20,10000,7
0.018430034767700623,OT-scOmics/data/liu_scatac_preprocessed.csv.gz,cosine,20,10000,8
0.017206990691989686,OT-scOmics/data/liu_scatac_preprocessed.csv.gz,cosine,20,10000,9
0.016537213780689734,OT-scOmics/data/liu_scatac_preprocessed.csv.gz,cosine,20,10000,10
0.036601429324554506,OT-scOmics/data/liu_scatac_preprocessed.csv.gz,correlation,20,10000,1
0.07920195950400283,OT-scOmics/data/liu_scatac_preprocessed.csv.gz,correlation,20,10000,2
0.06073191905592361,OT-scOmics/data/liu_scatac_preprocessed.csv.gz,correlation,20,10000,3
0.03469743059793136,OT-scOmics/data/liu_scatac_preprocessed.csv.gz,correlation,20,10000,4
0.04392836763401029,OT-scOmics/data/liu_scatac_preprocessed.csv.gz,correlation,20,10000,5
0.04409830970921877,OT-scOmics/data/liu_scatac_preprocessed.csv.gz,correlation,20,10000,6
0.06899322166561105,OT-scOmics/data/liu_scatac_preprocessed.csv.gz,correlation,20,10000,7
0.03379879706007764,OT-scOmics/data/liu_scatac_preprocessed.csv.gz,correlation,20,10000,8
0.031549800518359726,OT-scOmics/data/liu_scatac_preprocessed.csv.gz,correlation,20,10000,9
0.029390968798838825,OT-scOmics/data/liu_scatac_preprocessed.csv.gz,correlation,20,10000,10
